INSTRUMENT S/N,TIME,SITE,POINT,LONGITUDE,LATITUDE,POSITION_ERROR (m),ELEVATION (m),ELEVATION_ERROR (m),TEMPERATURE (Â°C),PRESSURE (HPa),ACCUMULATION CHAMBER,SENSOR_TYPE,MIN (ppm),MAX (ppm),FLUX (ppm),Filename,CH4 Flux (ppm/sec),VOC Flux (ppm/sec),H2O Flux (ppm/sec)
WS1204,17-04-2024 17:39:17,profilmk9,130,12.467668,50.140442,2.1,499.6,4.2,8,965.9,A,CO2,0.290966,0.331545,N/A,profilmk9_130_17042024_173917.txt,226.87479209130646,126.89756889972911,24.136006100111334
WS1204,17-04-2024 11:56:50,profilns5,89,12.470019,50.135534,2.0,502.5,1.7,7,966.4,A,CO2,0.288636,0.324549,N/A,profilns5_89_17042024_115650.txt,266.80673927551805,1.7568292663190397,23.007441792611573
WS1204,16-04-2024 10:26:51,WS1204NK6,20,12.429194,50.216322,3.4,535.1,0.5,N/A,51.0,A,CO2,0.238031,0.347406,N/A,WS1204NK6_20_16042024_102651.txt,72.32207624715343,3.2688548764805315e-05,24.531923071394548
WS1204,16-04-2024 13:51:09,WS1204NK46,64,12.455235,50.214733,3.4,545.3,15.2,7,960,A,CO2,0.275574,0.436029,N/A,WS1204NK46_64_16042024_135109.txt,64.44654995295016,99.11434295691507,23.483524878614762
WS1204,17-04-2024 16:55:32,profilmk2,123,12.464485,50.138689,0.2,500.1,0.6,8,965.8,A,CO2,0.310794,0.330846,N/A,profilmk2_123_17042024_165532.txt,154.00397098896448,1.736426321504205e-06,22.78816310878282
WS2202,16-04-2024 12:02:29,NKW10,26,12.439301,50.215461,3.2,523.1,N/A,13.23,949.48,NA,CO2,298.393005,442.395996,N/A,NKW10_26_16042024_120229.txt,68.99718341438893,1.6906105468963285e-06,22.778327056072207
WS1204,16-04-2024 11:35:02,WS1204NK22,36,12.437093,50.215941,0.3,522.4,0.3,N/A,51.0,A,CO2,0.206310,0.280709,N/A,WS1204NK22_36_16042024_113502.txt,1177.4441873488388,1.4480498691217845,22.773018309023062
WS1204,16-04-2024 12:12:44,WS1204NK26,42,12.441035,50.215338,0.9,518.3,0.2,7,960,A,CO2,0.204211,0.305427,N/A,WS1204NK26_42_16042024_121244.txt,72.88723570035539,18.393241088667924,23.03052699796789
WS2202,17-04-2024 16:49:47,Profil2W6,43,12.463941,50.138499,3.2,496.0,N/A,22.39,954.55,NA,CO2,234.718994,435.544006,N/A,Profil2W6_43_17042024_164947.txt,428.8122741965081,8.960103326696071,22.540822415721742
WS1204,17-04-2024 14:29:24,profilns34,118,12.497260,50.145362,2.5,492.2,0.9,9,966.8,A,CO2,0.253186,0.376791,N/A,profilns34_118_17042024_142924.txt,106.59901056158395,2.6211348172028755e-05,25.363933462658718
WS2202,17-04-2024 14:03:45,Nickschieckw25,26,12.503641,50.151370,3.2,483.7,N/A,16.42,956.35,NA,CO2,230.552002,437.947998,N/A,Nickschieckw25_26_17042024_140345.txt,74.87874074142645,3.917266241081518,22.710027185951006
WS2202,17-04-2024 11:41:14,Nickschieckw3,4,12.468646,50.134944,3.2,497.2,N/A,22.73,955.92,NA,CO2,254.824005,484.139008,N/A,Nickschieckw3_4_17042024_114114.txt,123.44298826219796,1.822469136020677e-06,21.985859121956583
WS0823,15-04-2024 16:58:52,test1,1,12.420610,50.254678,0.1,642.9,0.3,28.6,952.3,A,CO2,360.690000,0.462700,N/A,test1_1_15042024_165852.txt,76.81462749950718,0.00014397959059953222,23.24146398974491
WS2202,16-04-2024 10:03:44,NKW2,18,12.426605,50.216467,3.2,529.7,N/A,13.26,948.11,NA,CO2,255.242004,515.109985,N/A,NKW2_18_16042024_100344.txt,212.98178882706884,27.01083371498873,23.622019068611934
WS2202,16-04-2024 13:44:26,NKW24,41,12.454507,50.214838,3.2,554.8,N/A,19.66,943.98,NA,CO2,274.721985,386.070007,N/A,NKW24_41_16042024_134426.txt,25.19789990445694,0.336951017616569,21.89939758655673
WS1204,16-04-2024 12:35:14,WS1204NK31,49,12.443815,50.215617,0.2,520.4,0.6,7,960,A,CO2,0.197914,0.387516,N/A,WS1204NK31_49_16042024_123514.txt,96.44812065089461,2.017011159552898,24.89397946995879
WS2202,15-04-2024 17:19:58,test1ws2202,2,12.420656,50.254674,3.2,642.3,N/A,20.76,934.44,NA,CO2,293.487000,472.385010,N/A,test1ws2202_2_15042024_171958.txt,48.87915200129546,0.0016414121359584765,22.341517995024034
WS1204,17-04-2024 17:08:18,profilmk5,126,12.468057,50.140196,0.9,499.5,0.1,8,965.5,A,CO2,0.271376,0.356270,N/A,profilmk5_126_17042024_170818.txt,195.31002519324156,0.0034572207544671077,22.785294383307225
WS2202,16-04-2024 12:13:55,NKW13,29,12.441342,50.215448,5.4,520.9,N/A,15.31,950.10,NA,CO2,226.561005,535.689026,N/A,NKW13_29_16042024_121355.txt,492.70410786355495,0.3339214912460358,22.50904881353633
WS0823,17-04-2024 12:49:45,profilnkanna8,11,12.482541,50.138885,1.2,505.0,1.0,7,960,A,CO2,371.900000,0.554000,N/A,profilnkanna8_11_17042024_124945.txt,651.357479323196,2.946773887261445e-05,23.695328196120574
WS2202,17-04-2024 16:38:33,Profil2W2,39,12.461963,50.137920,3.2,493.6,N/A,23.36,955.15,NA,CO2,234.645004,420.140015,N/A,Profil2W2_39_17042024_163833.txt,175.5220488218906,109.77445671629745,23.939837855577654
WS0823,17-04-2024 14:18:16,profilnkanna25,32,12.495315,50.144403,0.4,492.2,0.5,7,960,A,CO2,366.850000,0.486600,N/A,profilnkanna25_32_17042024_141816.txt,166.9825663252996,0.005409462698645846,24.215155227227115
WS1204,16-04-2024 12:17:51,WS1204NK27,43,12.441616,50.215469,1.9,517.4,12.3,7,960,A,CO2,0.234764,0.306827,N/A,WS1204NK27_43_16042024_121751.txt,566.4595451707834,12.108476544735568,25.42896715892249
WS2202,17-04-2024 12:13:10,Nickschieckw12,13,12.473300,50.136119,3.2,501.8,N/A,21.01,955.08,NA,CO2,296.821991,405.873993,N/A,Nickschieckw12_13_17042024_121310.txt,25.768281086434797,2.5227509517871973,24.654288391470097
WS1204,16-04-2024 10:57:13,WS1204NK13,27,12.432797,50.216051,1.0,529.6,0.4,N/A,51.0,A,CO2,0.253186,0.267878,N/A,WS1204NK13_27_16042024_105713.txt,409.0551012423376,0.14507953133310372,22.969831127629565
WS2202,17-04-2024 15:06:04,Nickschieckw36,37,12.502734,50.150893,3.2,489.0,N/A,22.85,956.10,NA,CO2,194.134003,374.207001,N/A,Nickschieckw36_37_17042024_150604.txt,138.9503840924083,0.09447264902850423,23.833592770653315
WS2202,17-04-2024 12:44:18,Nickschieckw18,19,12.481942,50.138737,3.2,500.6,N/A,20.34,954.60,NA,CO2,261.028992,439.125000,N/A,Nickschieckw18_19_17042024_124418.txt,35.558924270456465,5.799836015508933,22.76898753469758
WS2202,17-04-2024 14:11:01,Nickschieckw26,27,12.501240,50.149471,3.2,485.8,N/A,17.68,956.22,NA,CO2,223.197006,464.188995,N/A,Nickschieckw26_27_17042024_141101.txt,666.5190877038305,9.30249006175318e-06,24.025700486100106
WS2202,17-04-2024 12:04:29,Nickschieckw9,10,12.471610,50.135441,3.2,500.3,N/A,22.41,955.30,NA,CO2,256.187988,387.598999,N/A,Nickschieckw9_10_17042024_120429.txt,216.58936317869674,0.0023503836920414516,24.188165469410485
WS0823,17-04-2024 13:38:45,profilnkanna16,21,12.491002,50.142945,4.7,508.5,6.7,6,960,A,CO2,371.010000,0.502100,N/A,profilnkanna16_21_17042024_133845.txt,838.971543680732,2.3071093494135865e-06,22.837636800691694
WS2202,17-04-2024 11:45:34,Nickschieckw4,5,12.468922,50.135333,3.2,498.7,N/A,23.87,955.83,NA,CO2,256.970001,474.842010,N/A,Nickschieckw4_5_17042024_114534.txt,434.66634553353674,0.0029449382088225923,23.1953622081558
WS1204,17-04-2024 13:38:14,profilns22,106,12.490352,50.142944,2.7,498.0,2.0,9,965.7,A,CO2,0.297963,0.317552,N/A,profilns22_106_17042024_133814.txt,643.7503340426018,5.600165065834302,24.928346402457557
WS1204,16-04-2024 10:20:15,WS1204NK5,19,12.428525,50.216309,1.4,532.5,0.8,N/A,51.0,A,CO2,0.229398,0.337611,N/A,WS1204NK5_19_16042024_102015.txt,175.57193970887897,1.4589422584939162,23.91702996177237
WS1204,15-04-2024 19:03:15,WS1204FG3,5,12.428837,50.233162,2.0,536.9,0.9,N/A,51.0,A,CO2,0.254822,0.352073,N/A,WS1204FG3_5_15042024_190315.txt,189.83764512241697,3.7486868669386173e-06,24.07533863302579
WS1204,16-04-2024 11:04:44,WS1204NK15,29,12.433526,50.216058,0.1,531.3,0.1,N/A,51.0,A,CO2,0.230566,0.313824,N/A,WS1204NK15_29_16042024_110444.txt,106.3970915027828,4.318474390887234,24.332874477142237
WS1204,16-04-2024 10:11:35,WS1204NK3,17,12.427575,50.216376,0.0,530.2,1.2,N/A,51.0,A,CO2,0.239430,0.259252,N/A,WS1204NK3_17_16042024_101135.txt,105.94140551200606,9.53001842516052e-06,25.31393318716477
WS1204,17-04-2024 12:27:05,profilns9,93,12.478053,50.137836,1.6,503.3,2.3,7,966.1,A,CO2,0.295402,0.381919,N/A,profilns9_93_17042024_122705.txt,31.291234553460285,49.070682441396386,23.741768676623675
WS1204,16-04-2024 13:59:03,WS1204NK48,66,12.456655,50.214734,0.6,559.5,1.0,7,960,A,CO2,0.252255,0.366765,N/A,WS1204NK48_66_16042024_135903.txt,223.39166792761105,0.0005701596242145442,22.852165929496806
WS2202,16-04-2024 12:09:57,NKW12,28,12.440734,50.215309,3.2,520.4,N/A,14.58,949.88,NA,CO2,233.042007,396.070007,N/A,NKW12_28_16042024_120957.txt,1000.9273890499582,0.0004907494023668129,23.918710888218254
WS1204,16-04-2024 11:59:19,WS1204NK22,38,12.438588,50.215773,9.6,534.2,0.7,7,960,A,CO2,0.249457,0.330615,N/A,WS1204NK22_38_16042024_115919.txt,824.1331671097453,0.004991397184225093,24.270077222765075
WS1204,15-04-2024 19:13:17,WS1204FG6,8,12.428208,50.232095,2.1,533.6,0.6,N/A,51.0,A,CO2,0.233134,0.359769,N/A,WS1204FG6_8_15042024_191317.txt,1131.7277519643228,3.5678990330273545e-06,23.019159833637865
WS2202,16-04-2024 13:10:41,NKW18,34,12.450821,50.215176,3.2,540.2,N/A,23.25,946.03,NA,CO2,286.196014,353.306000,N/A,NKW18_34_16042024_131041.txt,25.36056073021722,0.3700078133845403,22.401712316110256
WS1204,17-04-2024 13:04:20,profilns16,100,12.485109,50.139870,0.2,502.0,0.5,9,965.5,A,CO2,0.283969,0.425996,N/A,profilns16_100_17042024_130420.txt,226.6067856467433,0.32974827273093316,22.840757485034707
WS1204,17-04-2024 17:16:37,profilmk6,127,12.469502,50.140956,0.1,499.8,0.1,8,965.6,A,CO2,0.250856,0.330846,N/A,profilmk6_127_17042024_171637.txt,126.83020137609383,2.820285955035536e-06,22.034458161175436
WS1204,16-04-2024 10:07:29,WS1204NK2,16,12.426933,50.216442,1.6,529.3,0.7,N/A,51.0,A,CO2,0.203749,0.308226,N/A,WS1204NK2_16_16042024_100729.txt,26.51548286570812,5.041185106256539,22.755097107845273
WS2202,17-04-2024 15:03:48,Nickschieckw35,36,12.502246,50.150600,3.2,489.1,N/A,22.44,956.10,NA,CO2,202.669006,524.882996,N/A,Nickschieckw35_36_17042024_150348.txt,264.39863208178093,299.627897276777,22.51506309146756
WS1204,15-04-2024 18:59:52,WS1204FG2,4,12.429207,50.233476,2.2,525.8,4.5,N/A,51.0,A,CO2,0.257153,0.364666,N/A,WS1204FG2_4_15042024_185952.txt,50.0673223523818,147.61250774457025,22.519399876044528
WS2202,17-04-2024 12:07:25,Nickschieckw10,11,12.471880,50.135554,3.2,495.8,N/A,21.90,955.17,NA,CO2,237.554993,385.721008,N/A,Nickschieckw10_11_17042024_120725.txt,527.8250072885484,0.00033755773264004395,23.40311664900114
WS0823,17-04-2024 13:31:31,profilnkanna14,19,12.488583,50.142711,0.8,503.9,0.5,6,960,A,CO2,378.250000,0.521900,N/A,profilnkanna14_19_17042024_133131.txt,154.8709285693673,4.408688057158434,22.87255188399456
WS2202,17-04-2024 10:43:35,HTtest1,1,12.463786,50.132954,3.2,472.5,N/A,14.91,957.84,NA,CO2,189.716003,585.888000,N/A,HTtest1_1_17042024_104335.txt,903.921378801393,0.002406357461060362,23.535464613279302
WS0823,17-04-2024 13:58:47,profilnkanna19,26,12.492254,50.143260,0.3,492.7,0.7,7,960,A,CO2,375.000000,0.534100,N/A,profilnkanna19_26_17042024_135847.txt,44.85259382059838,4.631241198981628,23.292611696746835
WS2202,15-04-2024 18:14:52,test2ws2202,3,12.429371,50.234414,3.2,540.7,N/A,22.56,945.31,NA,CO2,295.391998,375.199005,N/A,test2ws2202_3_15042024_181452.txt,93.38482001362605,1.5794421666883525,22.302954421004944
WS2202,16-04-2024 13:02:05,NKW15,31,12.449421,50.215701,3.2,530.7,N/A,19.45,947.01,NA,CO2,230.753006,438.184998,N/A,NKW15_31_16042024_130205.txt,428.8331160762967,4.48082910392802e-05,24.048089284155196
WS1204,17-04-2024 13:49:04,profilns24,108,12.491769,50.143130,0.3,501.8,0.1,9,966.3,A,CO2,0.309625,0.326648,N/A,profilns24_108_17042024_134904.txt,214.6405780458736,3.0579189252544368e-06,23.472138062171
WS2202,16-04-2024 13:55:04,NKW27,43,12.455955,50.214806,3.2,558.2,N/A,21.19,943.23,NA,CO2,219.298004,364.820007,N/A,NKW27_43_16042024_135504.txt,158.29250511225226,3.0295646189325448e-05,24.684098948290707
WS1204,17-04-2024 13:22:37,profilns19,103,12.487165,50.141695,0.2,500.0,0.2,9,965.3,A,CO2,0.306827,0.352073,N/A,profilns19_103_17042024_132237.txt,702.6274862963579,0.004318766403810927,24.872511977316137
WS1204,17-04-2024 17:27:26,profilmk7,128,12.471316,50.142206,0.6,501.5,0.8,8,965.6,A,CO2,0.260420,0.317322,N/A,profilmk7_128_17042024_172726.txt,412.85386099219653,0.01136251583614784,25.34513487529016
WS1204,17-04-2024 17:43:17,profilmk10,131,12.466483,50.139840,4.4,491.6,1.5,8,965.9,A,CO2,0.271376,0.332014,N/A,profilmk10_131_17042024_174317.txt,38.85458490947349,2.653036080364143e-05,22.143084855193905
WS2202,17-04-2024 17:25:35,Profil2W13,50,12.472824,50.142700,3.2,501.7,N/A,16.86,954.45,NA,CO2,228.794006,395.272003,N/A,Profil2W13_50_17042024_172535.txt,39.4900541654811,7.367847435030338,23.72390196418196
WS1204,17-04-2024 13:33:35,profilns21,105,12.489126,50.142847,1.5,506.0,1.5,9,965.4,A,CO2,0.307058,0.332014,N/A,profilns21_105_17042024_133335.txt,271.25408856301823,0.15675578725565775,24.956348112731675
WS2202,16-04-2024 11:31:18,NKW7,23,12.436507,50.215878,3.2,528.0,N/A,13.10,949.22,NA,CO2,298.074005,347.222992,N/A,NKW7_23_16042024_113118.txt,38.457326558799345,0.03048005093237987,23.070425663623
WS2202,16-04-2024 10:00:42,NKW1,17,12.425932,50.216489,3.2,528.9,N/A,13.25,948.19,NA,CO2,256.398010,457.144012,N/A,NKW1_17_16042024_100042.txt,23.481871335770727,0.09407179010322617,23.901038050210822
WS1204,17-04-2024 16:43:03,profilmk1,122,12.461635,50.137849,0.5,493.3,0.4,8,966.3,A,CO2,0.326186,0.441626,N/A,profilmk1_122_17042024_164303.txt,1056.9261794160286,1.671012077257349e-05,23.106210323698452
WS0823,17-04-2024 12:15:26,profilnkanna2,5,12.472979,50.135995,0.4,499.9,0.6,7,958,A,CO2,365.780000,0.535000,N/A,profilnkanna2_5_17042024_121526.txt,84.08395516132211,7.014484871030305e-06,22.956314369771995
WS1204,16-04-2024 11:32:14,WS1204NK21,35,12.436781,50.215896,0.3,521.7,0.1,N/A,51.0,A,CO2,0.207947,0.302160,N/A,WS1204NK21_35_16042024_113214.txt,1119.2051872991688,2.826006734259205,25.03720459230817
WS2202,17-04-2024 12:23:57,Nickschieckw13,14,12.477796,50.137789,3.2,499.7,N/A,20.64,954.88,NA,CO2,201.587006,375.983002,N/A,Nickschieckw13_14_17042024_122357.txt,192.7065956706096,0.6657473168508726,23.772126160957463
WS1204,17-04-2024 13:27:51,profilns20,104,12.487762,50.142188,0.2,505.1,0.5,9,965.3,A,CO2,0.307995,0.336443,N/A,profilns20_104_17042024_132751.txt,23.07815916098037,28.173955322224366,22.083452635817334
WS0823,17-04-2024 12:29:45,profilnkanna4,7,12.478399,50.137868,0.3,501.9,0.7,7,958,A,CO2,375.130000,0.582600,N/A,profilnkanna4_7_17042024_122945.txt,196.8657332655204,0.0002659566770123401,22.926529402340453
WS1204,17-04-2024 11:38:28,profilns1,84,12.468074,50.134377,4.2,489.1,2.4,7,967.4,A,CO2,0.286537,0.426234,N/A,profilns1_84_17042024_113828.txt,1038.4559923167976,140.66271230841005,22.276164331200633
WS0823,15-04-2024 18:21:56,test2WS0823,1,12.429362,50.234386,2.4,549.6,1.3,30.6,51.2,A,CO2,362.100000,0.522700,N/A,test2WS0823_1_15042024_182156.txt,133.25225216649375,0.041520816363361045,22.90102669140318
WS1204,15-04-2024 19:06:20,WS1204FG4,6,12.428611,50.232723,0.9,531.1,0.4,12,51.0,A,CO2,0.234764,0.390553,N/A,WS1204FG4_6_15042024_190620.txt,496.94659420103477,1.1461040434311252e-05,22.669473511395115
WS2202,15-04-2024 19:09:52,Fg6,9,12.428298,50.232076,3.2,528.5,N/A,20.04,946.17,NA,CO2,230.022003,428.015015,N/A,Fg6_9_15042024_190952.txt,159.01390612924743,0.023320102099048227,24.129686578220465
WS1204,16-04-2024 14:04:21,WS1204NK49,67,12.457303,50.214691,1.0,560.8,0.5,7,960,A,CO2,0.261350,0.280241,N/A,WS1204NK49_67_16042024_140421.txt,994.7598857525701,0.5961648339256265,21.92742788383987
WS2202,17-04-2024 16:47:13,Profil2W5,42,12.463399,50.138299,3.2,488.7,N/A,23.01,954.75,NA,CO2,235.212006,426.184998,N/A,Profil2W5_42_17042024_164713.txt,244.37253121459705,0.0017110772151910415,23.168287269648474
WS2202,17-04-2024 11:34:30,Nickschieckw1,2,12.467828,50.134224,3.2,491.4,N/A,19.40,956.22,NA,CO2,251.412994,415.671997,N/A,Nickschieckw1_2_17042024_113430.txt,439.04800136945704,5.0058566551581386e-05,23.466726629426454
WS2202,15-04-2024 19:12:38,Fg7,10,12.428196,50.231869,3.2,523.1,N/A,20.29,946.03,NA,CO2,242.412003,383.220001,N/A,Fg7_10_15042024_191238.txt,336.6558206504605,0.6557850452398469,23.208479878064363
WS1204,15-04-2024 18:56:33,WS1204FG1,3,12.429279,50.233966,0.7,544.4,0.6,N/A,51.0,A,CO2,0.244559,0.370263,N/A,WS1204FG1_3_15042024_185633.txt,324.17832955049715,3.556826225372822,23.795980912427268
WS2202,16-04-2024 13:36:54,NKW23,39,12.454293,50.214885,3.2,552.4,N/A,20.65,944.07,NA,CO2,221.778000,350.537994,N/A,NKW23_39_16042024_133654.txt,35.500321329476876,0.11583202797330198,22.919142004215093
WS2202,15-04-2024 18:56:33,Fg2,5,12.429192,50.233643,3.2,548.1,N/A,19.24,945.10,NA,CO2,230.792007,562.278015,N/A,Fg2_5_15042024_185633.txt,22.250822630505276,0.0012828061997750618,23.01221774839484
WS2202,15-04-2024 19:19:43,Fg9,12,12.427939,50.230883,3.2,514.0,N/A,20.43,946.17,NA,CO2,210.662003,390.671997,N/A,Fg9_12_15042024_191943.txt,48.93917322958701,2.379098365867027,22.48587666842781
WS0823,17-04-2024 12:46:01,profilnkanna7,10,12.481599,50.138668,1.8,501.6,1.8,8,960,A,CO2,366.970000,0.614600,N/A,profilnkanna7_10_17042024_124601.txt,66.66055646477615,0.1564778615358676,21.93519204024122
WS1204,16-04-2024 13:55:35,WS1204NK47,65,12.455605,50.214780,0.0,554.4,0.0,7,960,A,CO2,0.254123,0.395681,N/A,WS1204NK47_65_16042024_135535.txt,31.642796811915172,0.035805578760064224,23.496239211415606
WS2202,15-04-2024 19:15:15,Fg8,11,12.428172,50.231405,3.2,524.7,N/A,20.49,946.05,NA,CO2,207.481995,417.654999,N/A,Fg8_11_15042024_191515.txt,352.49718942622223,0.2841051965009246,24.921358082072103
WS2202,17-04-2024 11:55:06,Nickschieckw6,7,12.469781,50.135651,3.2,501.5,N/A,23.00,955.46,NA,CO2,295.865997,326.928986,N/A,Nickschieckw6_7_17042024_115506.txt,601.425891956899,0.024753731118005946,22.550451095768278
WS2202,15-04-2024 18:59:09,Fg3,6,12.428951,50.233321,3.2,540.8,N/A,19.59,945.43,NA,CO2,226.541000,402.334991,N/A,Fg3_6_15042024_185909.txt,104.18984470289607,2.7969439384167467,25.08113047737276
WS2202,17-04-2024 17:41:42,Profil2W16,52,12.465964,50.139818,3.2,499.3,N/A,13.81,954.89,NA,CO2,253.145004,416.466003,N/A,Profil2W16_52_17042024_174142.txt,189.86875413426435,245.6226537288599,23.056461457038033
WS1204,16-04-2024 12:06:15,WS1204NK24,40,12.439708,50.215386,0.5,516.9,0.2,7,960,A,CO2,0.212375,0.332714,N/A,WS1204NK24_40_16042024_120615.txt,375.7923707609466,185.70743923006435,25.187200708875846
WS2202,17-04-2024 14:14:05,Nickschieckw27,28,12.501301,50.149227,3.2,480.9,N/A,18.97,956.09,NA,CO2,229.552002,362.994995,N/A,Nickschieckw27_28_17042024_141405.txt,241.89379443005072,7.911285247824487,24.599401127823842
WS1204,16-04-2024 10:41:54,WS1204NK9,23,12.430690,50.216134,0.6,532.7,1.2,N/A,51.0,A,CO2,0.218441,0.290035,N/A,WS1204NK9_23_16042024_104154.txt,183.84638540180464,0.007752847560013112,22.331108160936708
WS2202,17-04-2024 17:14:02,Profil2W11,48,12.469997,50.141233,3.2,501.6,N/A,18.01,954.29,NA,CO2,242.694000,413.071991,N/A,Profil2W11_48_17042024_171402.txt,954.1490112425139,9.09836972937808e-05,21.940589044417468
WS1204,15-04-2024 19:18:34,WS1204FG8,10,12.428059,50.231208,1.0,530.9,0.7,N/A,51.0,A,CO2,0.251556,0.357201,N/A,WS1204FG8_10_15042024_191834.txt,1031.7775319127468,0.003388304541991281,23.870751829289237
WS2202,17-04-2024 16:52:57,Profil2W7,44,12.464979,50.138881,3.2,496.1,N/A,21.56,954.36,NA,CO2,279.097992,410.703003,N/A,Profil2W7_44_17042024_165257.txt,650.1001925079944,33.54924770302608,22.73792940238622
WS1204,17-04-2024 11:52:43,profilns4,88,12.469146,50.135699,0.5,498.6,0.6,7,966.8,A,CO2,0.288167,0.351604,N/A,profilns4_88_17042024_115243.txt,701.0669981364102,0.0007383576837731018,24.453264547163297
WS0823,17-04-2024 14:09:52,profilnkanna22,29,12.493788,50.143811,1.7,498.9,2.8,7,960,A,CO2,366.940000,0.573400,N/A,profilnkanna22_29_17042024_140952.txt,22.229116743417322,0.0004202005562775174,22.883168875080187
WS1204,17-04-2024 14:46:44,profilns37,121,12.499883,50.147060,0.2,489.1,0.2,9,967.2,A,CO2,0.304028,0.401978,N/A,profilns37_121_17042024_144644.txt,33.45930720830121,0.0236430088048703,25.34348451692375
WS1204,16-04-2024 12:29:54,WS1204NK29,47,12.443051,50.215757,2.7,515.0,1.6,7,960,A,CO2,0.239193,0.335281,N/A,WS1204NK29_47_16042024_122954.txt,688.4760913348351,0.027147646486420107,22.61798721605432
WS2202,17-04-2024 12:55:36,Nickschieckw20,21,12.483867,50.139337,3.2,498.2,N/A,21.73,954.35,NA,CO2,272.726013,352.045990,N/A,Nickschieckw20_21_17042024_125536.txt,79.0573331110156,3.317856812065445e-05,23.824590682558657
WS2202,16-04-2024 13:33:45,NKW22,38,12.453481,50.214948,3.2,547.0,N/A,20.66,944.39,NA,CO2,290.216003,393.536011,N/A,NKW22_38_16042024_133345.txt,1144.6528459914025,9.973818541894937,23.337673554388385
WS2202,16-04-2024 09:54:10,testzweitertagws2209,16,12.425604,50.216515,3.2,531.7,N/A,13.58,948.28,NA,CO2,177.766998,2510.510010,N/A,testzweitertagws2209_16_16042024_095410.txt,64.96970692835357,0.0005498901514432424,22.943896749714042
WS0823,17-04-2024 13:49:13,profilnkanna17,23,12.491818,50.143072,1.5,500.5,0.5,7,960,A,CO2,364.520000,0.492300,N/A,profilnkanna17_23_17042024_134913.txt,20.623899929981356,1.2825772302935433e-06,25.4475375377976
WS2202,17-04-2024 12:10:11,Nickschieckw11,12,12.472728,50.135906,3.2,505.1,N/A,21.39,955.10,NA,CO2,252.181000,333.622986,N/A,Nickschieckw11_12_17042024_121011.txt,855.5899963451791,3.5904230752666514e-06,24.180933492709265
WS2202,17-04-2024 14:57:41,Nickschieckw33,34,12.501331,50.149930,3.2,485.6,N/A,21.29,956.10,NA,CO2,237.533005,484.605988,N/A,Nickschieckw33_34_17042024_145741.txt,410.399741113073,0.0002683093798294631,23.63232205065613
WS1204,17-04-2024 17:04:20,profilmk4,125,12.467117,50.139778,0.8,497.7,0.6,8,965.4,A,CO2,0.279772,0.349274,N/A,profilmk4_125_17042024_170420.txt,63.01569911942716,19.10194421922839,25.304691690295183
WS1204,16-04-2024 10:29:28,WS1204NK7,21,12.429482,50.216231,0.8,525.2,0.4,N/A,51.0,A,CO2,0.213775,0.288867,N/A,WS1204NK7_21_16042024_102928.txt,994.725254162409,3.4253407954378317e-06,24.28786884702944
WS2202,17-04-2024 14:42:03,Nickschieckw31,32,12.500813,50.147587,3.2,490.8,N/A,24.20,955.96,NA,CO2,228.121994,413.649994,N/A,Nickschieckw31_32_17042024_144203.txt,481.05843082536046,5.595513486849493,22.64348842237469
WS1204,17-04-2024 13:15:18,profilns18,102,12.486688,50.141172,1.3,501.5,1.4,9,965.3,A,CO2,0.281640,0.341578,N/A,profilns18_102_17042024_131518.txt,41.12212171492535,0.0005774291245886952,24.016364789284303
WS2202,15-04-2024 19:32:53,Fg12,15,12.427099,50.229714,3.2,532.8,N/A,19.56,945.43,NA,CO2,228.919006,377.002991,N/A,Fg12_15_15042024_193253.txt,1013.2262362919455,0.005027553503255729,21.734919792184108
WS0823,17-04-2024 12:26:08,profilnkanna3,6,12.477646,50.137606,8.0,520.5,4.9,8,956,A,CO2,355.390000,0.571400,N/A,profilnkanna3_6_17042024_122608.txt,220.6231944428725,5.259930346252685e-05,23.144089876663127
WS1204,17-04-2024 13:51:55,profilns25,109,12.491669,50.143300,0.5,496.0,4.7,9,966.0,A,CO2,0.280241,0.308926,N/A,profilns25_109_17042024_135155.txt,30.795789881369902,308.49513269836274,25.130212386675858
WS2202,17-04-2024 12:40:25,Nickschieckw17,18,12.481057,50.138499,3.2,501.2,N/A,20.37,954.65,NA,CO2,235.578003,409.820007,N/A,Nickschieckw17_18_17042024_124025.txt,489.02159173714296,9.625726878331847e-06,25.73267823914698
WS2202,16-04-2024 13:05:13,NKW16,32,12.449823,50.215262,3.2,537.2,N/A,21.52,946.56,NA,CO2,274.485992,426.463989,N/A,NKW16_32_16042024_130513.txt,20.242610490492208,0.016433381404239493,23.513234635116664
WS2202,17-04-2024 13:04:01,Nickschieckw22,23,12.485630,50.140081,3.2,501.4,N/A,24.05,954.22,NA,CO2,209.865997,363.552002,N/A,Nickschieckw22_23_17042024_130401.txt,599.3152725336813,63.67053030959441,23.3198650471266
WS1204,16-04-2024 11:13:59,WS1204NK17,31,12.434125,50.216183,2.6,530.7,3.9,N/A,51.0,A,CO2,0.251087,0.361868,N/A,WS1204NK17_31_16042024_111359.txt,69.97707105337321,97.65125945654287,23.694545087121032
WS0823,17-04-2024 12:33:06,profilnkanna5,8,12.479279,50.138003,1.0,505.7,0.7,7,958,A,CO2,370.110000,0.507200,N/A,profilnkanna5_8_17042024_123306.txt,57.229631262220956,0.02564263939140208,25.70545581314239
WS2202,15-04-2024 19:06:43,Fg5,8,12.428491,50.232515,3.2,530.0,N/A,19.91,946.08,NA,CO2,218.417007,633.604004,N/A,Fg5_8_15042024_190643.txt,103.76366156212296,0.0001185458224138088,23.770479780033483
WS2202,17-04-2024 11:50:37,Nickschieckw5,6,12.469487,50.135768,3.2,504.7,N/A,23.33,955.57,NA,CO2,235.300995,428.772003,N/A,Nickschieckw5_6_17042024_115037.txt,281.3976385872735,0.007659172011612052,24.205005640464023
WS0823,17-04-2024 14:06:07,profilnkanna21,28,12.493235,50.143639,0.1,495.7,0.0,7,960,A,CO2,366.610000,0.537800,N/A,profilnkanna21_28_17042024_140607.txt,46.04557756424729,0.005803623534428357,24.35931319860273
WS0823,17-04-2024 12:52:51,profilnkanna9,12,12.483439,50.139130,0.8,500.2,0.5,7,960,A,CO2,364.610000,0.545700,N/A,profilnkanna9_12_17042024_125251.txt,67.65661326287209,20.187243188621725,23.889750897171925
WS2202,17-04-2024 14:23:55,Nickschieckw28,29,12.502328,50.148450,3.2,487.3,N/A,21.71,956.23,NA,CO2,278.515015,376.915985,N/A,Nickschieckw28_29_17042024_142355.txt,792.5313380929999,0.005085721256025629,24.673351337575316
WS1204,17-04-2024 12:01:10,profilns6,90,12.470763,50.135148,0.7,495.2,0.9,7,966.5,A,CO2,0.291204,0.349974,N/A,profilns6_90_17042024_120110.txt,118.94476234671033,2.552839230372404,23.12478988082094
WS1204,17-04-2024 12:11:55,profilns8,92,12.472440,50.135774,0.7,508.6,2.8,7,966.3,A,CO2,0.297731,0.321051,N/A,profilns8_92_17042024_121155.txt,128.63369302361977,0.0019688447606420905,25.401812725520923
WS2202,17-04-2024 13:14:39,Nickschieckw24,25,12.487166,50.141705,3.2,501.6,N/A,24.58,954.17,NA,CO2,224.727997,524.517029,N/A,Nickschieckw24_25_17042024_131439.txt,37.223107413083014,1.0540807803282723,25.239975117064052
WS2202,16-04-2024 11:17:14,NKW5,21,12.434412,50.216178,3.2,526.5,N/A,12.36,948.71,NA,CO2,295.717987,341.565002,N/A,NKW5_21_16042024_111714.txt,62.24078623332318,0.3544924006618021,24.68248636052469
WS2202,17-04-2024 14:39:22,Nickschieckw30,31,12.501265,50.147901,3.2,486.9,N/A,23.98,956.04,NA,CO2,225.910995,432.761993,N/A,Nickschieckw30_31_17042024_143922.txt,92.25149127426104,3.742687571570591e-06,23.765961226952147
WS1204,16-04-2024 11:20:11,WS1204NK18,32,12.434436,50.216215,1.5,528.9,0.5,N/A,51.0,A,CO2,0.245490,0.340179,N/A,WS1204NK18_32_16042024_112011.txt,149.41619869455263,0.16422102383433074,23.69872233467204
WS2202,17-04-2024 16:35:31,Profil2W1,38,12.461380,50.137762,3.2,491.4,N/A,23.01,955.40,NA,CO2,291.704987,339.903992,N/A,Profil2W1_38_17042024_163531.txt,1135.3398120361846,0.00011245466076474753,22.723033772914647
WS1204,17-04-2024 14:14:54,profilns31,115,12.494577,50.144123,0.8,494.2,1.1,9,966.5,A,CO2,0.225669,0.360699,N/A,profilns31_115_17042024_141454.txt,753.3476313527443,0.1784718430037607,23.27019733248838
WS2202,16-04-2024 13:15:06,NKW19,35,12.451456,50.215133,3.2,545.5,N/A,22.44,945.31,NA,CO2,293.261993,378.212006,N/A,NKW19_35_16042024_131506.txt,225.01372258463928,0.0002505266671131244,23.58630648622694
WS2202,16-04-2024 10:09:43,NKW3,19,12.427254,50.216402,3.2,532.3,N/A,14.08,948.24,NA,CO2,296.580994,350.717010,N/A,NKW3_19_16042024_100943.txt,279.1699363904891,1.4947938081666049e-06,23.52487082762557
WS2202,15-04-2024 19:22:50,Fg10,13,12.427842,50.230466,3.2,521.2,N/A,20.35,945.91,NA,CO2,204.119003,381.110992,N/A,Fg10_13_15042024_192250.txt,31.058411003016033,250.6299727111066,21.490296588328764
WS1204,17-04-2024 14:08:24,profilns29,113,12.493539,50.143732,0.7,497.0,0.8,9,966.3,A,CO2,0.232434,0.355802,N/A,profilns29_113_17042024_140824.txt,31.934586576296617,3.351895436643037,23.676426229244655
WS0823,17-04-2024 12:58:40,profilnkanna11,14,12.484123,50.139436,1.4,500.4,0.8,7,960,A,CO2,0.000600,0.636100,N/A,profilnkanna11_14_17042024_125840.txt,73.0558944630998,85.93472976351114,23.535762455346067
WS1204,15-04-2024 19:10:12,WS1204FG5,7,12.428413,50.232404,3.2,531.6,0.8,N/A,51.0,A,CO2,0.246427,0.373524,N/A,WS1204FG5_7_15042024_191012.txt,90.90894740991095,0.5748024766741795,25.18554145014391
WS2202,17-04-2024 12:36:24,Nickschieckw16,17,12.480214,50.138203,3.2,496.9,N/A,20.76,954.80,NA,CO2,238.539993,413.419006,N/A,Nickschieckw16_17_17042024_123624.txt,193.9016380570497,0.1378788711581188,22.57395139619178
WS0823,17-04-2024 13:52:46,profilnkanna18,24,12.491836,50.143161,0.1,494.6,0.0,7,960,A,CO2,373.430000,0.536800,N/A,profilnkanna18_24_17042024_135246.txt,465.6827031308552,0.0005652362697235377,24.400675730831615
WS1204,17-04-2024 12:35:57,profilns11,95,12.479914,50.138141,0.6,506.4,1.6,7,966.1,A,CO2,0.285138,0.355802,N/A,profilns11_95_17042024_123557.txt,575.8763630289683,1.3069159503780559,23.315019466530753
WS2202,15-04-2024 19:26:08,Fg11,14,12.427601,50.230097,3.2,527.7,N/A,20.52,945.69,NA,CO2,249.044006,391.479004,N/A,Fg11_14_15042024_192608.txt,728.9295110967761,0.0006848429884575767,23.64709549817442
WS1204,16-04-2024 10:47:58,WS1204NK11,25,12.431875,50.216139,0.4,533.6,1.1,N/A,51.0,A,CO2,0.231497,0.308226,N/A,WS1204NK11_25_16042024_104758.txt,567.1118882752911,3.0481520372194034e-06,23.791621956008004
WS1204,16-04-2024 11:44:17,WS1204NK22,37,12.437440,50.215915,1.4,521.7,2.0,7,980,A,CO2,0.236163,0.311955,N/A,WS1204NK22_37_16042024_114417.txt,280.37097565360483,0.0029199217249121583,23.58952901992882
WS2202,16-04-2024 13:49:43,NKW26,42,12.454817,50.214801,3.2,555.9,N/A,20.76,943.67,NA,CO2,293.347992,330.532013,N/A,NKW26_42_16042024_134943.txt,87.33707265549785,29.34733587909469,23.351445593376454
WS0823,17-04-2024 13:23:52,profilnkanna14,17,12.487352,50.141822,0.6,499.6,0.7,7,960,A,CO2,375.870000,0.546400,N/A,profilnkanna14_17_17042024_132352.txt,145.92866227958044,0.0013332121016134074,23.778777880056992
WS1204,17-04-2024 17:30:45,profilmk8,129,12.471625,50.142371,0.5,501.8,0.8,8,965.6,A,CO2,0.269277,0.302398,N/A,profilmk8_129_17042024_173045.txt,55.65353348071913,3.525896120770087e-05,23.87958669255477
WS1204,17-04-2024 12:40:00,profilns12,96,12.480535,50.138265,1.8,496.7,1.8,7,966.0,A,CO2,0.270446,0.349505,N/A,profilns12_96_17042024_124000.txt,25.911896877773987,167.09124586055265,23.940936859615046
WS1204,15-04-2024 19:34:19,WS1204FG11,13,12.427306,50.229920,0.5,528.9,0.6,N/A,51.0,A,CO2,0.253423,0.359531,N/A,WS1204FG11_13_15042024_193419.txt,160.84932543758572,2.554169313821346,22.614149199204473
WS2202,17-04-2024 17:03:36,Profil2W9,46,12.466736,50.139542,3.2,500.8,N/A,19.58,954.26,NA,CO2,292.529999,341.096008,N/A,Profil2W9_46_17042024_170336.txt,165.9675880639647,317.90434933850156,24.59464689832126
WS1204,17-04-2024 12:31:20,profilns10,94,12.478699,50.137900,0.6,499.6,1.2,7,966.2,A,CO2,0.267878,0.344377,N/A,profilns10_94_17042024_123120.txt,103.12669140515065,2.7982244596931977e-05,24.661074067199444
WS2202,17-04-2024 17:09:19,Profil2W10,47,12.469027,50.140714,3.2,503.8,N/A,18.55,954.26,NA,CO2,244.686005,432.565002,N/A,Profil2W10_47_17042024_170919.txt,930.9781805793731,0.10976860972066829,24.155721361273486
WS1204,17-04-2024 14:00:23,profilns267,111,12.492490,50.143422,3.2,500.2,4.9,9,966.1,A,CO2,0.298431,0.394513,N/A,profilns267_111_17042024_140023.txt,132.09749256339893,1.0686517220308132e-06,24.058842869414267
WS2202,17-04-2024 12:59:53,Nickschieckw21,22,12.484619,50.139655,3.2,497.9,N/A,22.70,954.39,NA,CO2,256.079010,398.877014,N/A,Nickschieckw21_22_17042024_125953.txt,122.36388232586921,11.596532430807846,23.438607519920335
WS2202,17-04-2024 14:36:25,Nickschieckw29,30,12.501731,50.148193,3.2,483.1,N/A,23.49,956.12,NA,CO2,248.393005,420.252991,N/A,Nickschieckw29_30_17042024_143625.txt,1116.8339018590545,101.677316055848,22.84414449740836
WS2202,15-04-2024 19:02:54,Fg4,7,12.428751,50.232943,3.2,545.8,N/A,19.97,945.83,NA,CO2,232.459000,452.014008,N/A,Fg4_7_15042024_190254.txt,36.40847077590962,0.10307599687483932,23.764198477277958
WS0823,17-04-2024 12:11:31,profilnkanna1,4,12.472201,50.135695,0.7,503.5,0.9,7,960,A,CO2,369.560000,0.527300,N/A,profilnkanna1_4_17042024_121131.txt,130.25384224579943,0.33070486793775283,23.757040162662097
WS1204,15-04-2024 17:08:59,Test1204b,2,12.420633,50.254668,0.1,643.3,0.6,N/A,51.0,A,CO2,0.258083,0.373761,N/A,Test1204b_2_15042024_170859.txt,87.77578830697327,0.03234361472378792,22.894174454035845
WS1204,16-04-2024 11:01:14,WS1204NK14,28,12.433414,50.216010,1.2,530.4,0.4,N/A,51.0,A,CO2,0.216573,0.281409,N/A,WS1204NK14_28_16042024_110114.txt,28.408334328974103,2.5726533616872614e-06,23.23647427148551
WS1204,17-04-2024 14:04:55,profilns28,112,12.493033,50.143512,0.8,497.3,0.8,9,966.6,A,CO2,0.306358,0.333882,N/A,profilns28_112_17042024_140455.txt,283.68821986546806,135.1577408709529,23.296963500318764
WS1204,16-04-2024 12:09:39,WS1204NK25,41,12.440409,50.215309,0.9,519.2,0.5,7,960,A,CO2,0.213075,0.330384,N/A,WS1204NK25_41_16042024_120939.txt,137.17964663569177,0.016487537195626338,24.235503650898558
WS1204,17-04-2024 13:55:16,profilns26,110,12.491499,50.143524,2.3,500.1,3.6,9,966.0,A,CO2,0.278841,0.344377,N/A,profilns26_110_17042024_135516.txt,1123.1034282530466,20.129331352890812,22.806253497090808
WS1204,16-04-2024 12:22:44,WS1204NK28,44,12.442072,50.215456,7.9,515.0,3.4,7,960,A,CO2,0.232197,0.319189,N/A,WS1204NK28_44_16042024_122244.txt,303.1878711654407,3.086191928250823,24.05168132608555
WS2202,17-04-2024 16:43:56,Profil2W4,41,12.462855,50.138095,3.2,498.9,N/A,23.38,954.84,NA,CO2,236.858994,402.725006,N/A,Profil2W4_41_17042024_164356.txt,314.19860690979743,6.830312641531259e-06,25.10731448075931
WS0823,17-04-2024 13:55:19,profilnkanna18,25,12.491919,50.143191,1.4,492.6,1.1,7,960,A,CO2,367.130000,0.489800,N/A,profilnkanna18_25_17042024_135519.txt,102.71354241972998,0.14500869673972355,22.378089852079658
WS2202,17-04-2024 14:44:36,Nickschieckw32,33,12.500358,50.147321,3.2,482.8,N/A,24.02,956.00,NA,CO2,257.777008,457.312988,N/A,Nickschieckw32_33_17042024_144436.txt,226.5035211437894,0.5628544188795573,23.000614913672102
WS2202,16-04-2024 10:15:59,NKW4,20,12.428189,50.216344,3.2,533.4,N/A,14.16,948.06,NA,CO2,299.803009,413.096008,N/A,NKW4_20_16042024_101559.txt,241.7810540961698,139.654273538502,22.638627682850302
WS0823,17-04-2024 14:15:59,profilnkanna24,31,12.494796,50.144216,0.5,491.5,1.3,7,960,A,CO2,365.840000,0.522100,N/A,profilnkanna24_31_17042024_141559.txt,69.72069614744811,0.45895361036776433,22.47669723652464
WS2202,16-04-2024 12:06:25,NKW11,27,12.440070,50.215327,3.2,520.8,N/A,13.82,949.62,NA,CO2,257.252991,429.424011,N/A,NKW11_27_16042024_120625.txt,704.3275843660248,1.9653193272739538e-05,23.275697997366922
WS2202,16-04-2024 11:25:44,NKW6,22,12.435832,50.215842,3.2,525.7,N/A,12.35,949.02,NA,CO2,307.798004,392.463989,N/A,NKW6_22_16042024_112544.txt,23.94949768583788,0.00016426906896868383,24.491544896445202
WS1204,17-04-2024 14:41:46,profilns36,120,12.499451,50.146749,0.6,488.6,1.1,9,966.9,A,CO2,0.280010,0.396849,N/A,profilns36_120_17042024_144146.txt,430.5938317462242,0.16890414731420894,23.277485251373935
WS2202,16-04-2024 13:08:04,NKW17,33,12.450444,50.215191,3.2,536.1,N/A,23.18,946.15,NA,CO2,228.645004,444.933014,N/A,NKW17_33_16042024_130804.txt,594.9783606390704,0.0172185260545775,24.151009633416386
WS2202,16-04-2024 11:58:50,NKW9,25,12.438734,50.215673,3.2,521.0,N/A,12.75,949.34,NA,CO2,278.220001,403.799988,N/A,NKW9_25_16042024_115850.txt,243.34846557384358,0.20636836534044586,25.167440597210085
WS2202,17-04-2024 16:56:10,Profil2W8,45,12.465550,50.139096,3.2,496.4,N/A,20.87,954.42,NA,CO2,219.513000,409.760010,N/A,Profil2W8_45_17042024_165610.txt,251.17422883306443,5.528802020554273,22.719487624109664
WS1204,16-04-2024 11:25:17,WS1204NK19,33,12.435120,50.216379,1.7,538.2,6.6,6,51.0,A,CO2,0.247588,0.314292,N/A,WS1204NK19_33_16042024_112517.txt,996.1047163599795,0.002584201126046814,23.550610119467372
WS1204,15-04-2024 18:32:27,test2WS1204,2,12.429398,50.234392,0.1,544.8,0.1,N/A,51.0,A,CO2,0.271145,0.403147,N/A,test2WS1204_2_15042024_183227.txt,160.31531449760908,0.0011109236808062274,23.91265904623494
WS0823,17-04-2024 13:14:07,profilnkanna13,16,12.486883,50.141330,0.1,506.0,0.4,7,960,A,CO2,358.300000,0.514300,N/A,profilnkanna13_16_17042024_131407.txt,327.0903284687575,1.1025174445160866e-06,24.8475207873287
WS1204,17-04-2024 14:11:28,profilns30,114,12.494066,50.143908,0.9,493.4,0.9,9,966.2,A,CO2,0.236163,0.371424,N/A,profilns30_114_17042024_141128.txt,288.91655167826843,1.0111573478682817e-05,22.756996892590738
WS2202,17-04-2024 17:20:13,Profil2W12,49,12.470943,50.141772,3.2,500.6,N/A,17.45,954.35,NA,CO2,286.199005,346.402008,N/A,Profil2W12_49_17042024_172013.txt,107.29224097195377,0.4243706334396116,24.110849140293094
WS1204,16-04-2024 10:38:12,WS1204NK8,22,12.430061,50.216196,0.5,530.6,0.6,N/A,51.0,A,CO2,0.213775,0.251556,N/A,WS1204NK8_22_16042024_103812.txt,953.274839297762,0.0018121483500212895,23.2607623932587
WS2202,17-04-2024 13:08:29,Nickschieckw23,24,12.486602,50.141039,3.2,506.1,N/A,25.44,954.12,NA,CO2,267.899994,449.755005,N/A,Nickschieckw23_24_17042024_130829.txt,1073.0765540739665,0.01808931532291034,23.89601258786353
WS1204,16-04-2024 12:25:47,WS1204NK28,46,12.442064,50.215663,0.4,512.4,1.2,N/A,51.0,A,CO2,0.205379,0.290266,N/A,WS1204NK28_46_16042024_122547.txt,68.76594860874162,0.00021215048467530668,24.319876862513663
WS1204,16-04-2024 12:25:45,WS1204NK28,45,12.442064,50.215663,0.4,512.4,1.2,7,960,A,CO2,0.205379,0.290266,N/A,WS1204NK28_45_16042024_122545.txt,502.3176703784431,0.3460575612011164,23.40140987608843
WS2202,16-04-2024 11:54:48,NKW8,24,12.437845,50.215876,3.2,524.9,N/A,11.70,949.12,NA,CO2,295.553009,344.829987,N/A,NKW8_24_16042024_115448.txt,57.119133932823594,114.6930563395128,23.547653596695078
WS2202,17-04-2024 12:32:47,Nickschieckw15,16,12.479616,50.138072,3.2,497.8,N/A,20.73,954.86,NA,CO2,234.891998,428.847992,N/A,Nickschieckw15_16_17042024_123247.txt,543.6904851660493,0.9804212028709008,23.550420542972798
WS1204,15-04-2024 19:27:15,WS1204FG10,12,12.427669,50.230315,0.7,528.5,0.4,N/A,51.0,A,CO2,0.247126,0.357432,N/A,WS1204FG10_12_15042024_192715.txt,45.59441360295995,51.72106120081622,23.26699722399801
WS0823,17-04-2024 14:01:31,profilnkanna20,27,12.492768,50.143435,0.6,501.4,0.3,7,960,A,CO2,368.740000,0.565700,N/A,profilnkanna20_27_17042024_140131.txt,158.58656420342325,0.0013331340856353748,23.919321200124298
WS1204,17-04-2024 13:10:39,profilns17,101,12.486251,50.140702,0.3,504.3,0.4,9,965.5,A,CO2,0.309157,0.338080,N/A,profilns17_101_17042024_131039.txt,324.8863463713804,0.002933419793113332,25.11774680020187
WS1204,17-04-2024 13:43:11,profilns23,107,12.491819,50.143094,0.2,494.8,0.2,9,966.0,A,CO2,0.302629,0.323618,N/A,profilns23_107_17042024_134311.txt,44.94511286474947,34.4192077815677,22.96872023731761
WS0823,17-04-2024 13:07:57,profilnkanna12,15,12.485901,50.140357,0.4,499.7,0.4,7,960,A,CO2,351.830000,0.633600,N/A,profilnkanna12_15_17042024_130757.txt,261.0825370371562,0.0009038025236512935,24.20818595327417
WS0823,17-04-2024 12:40:52,profilnkanna6,9,12.480778,50.138372,2.7,502.8,0.6,7,958,A,CO2,371.010000,0.534000,N/A,profilnkanna6_9_17042024_124052.txt,33.921232334261596,0.013235374381506964,23.015896207397052
WS2202,16-04-2024 12:42:31,NKW14,30,12.444726,50.214831,3.2,526.6,N/A,14.20,948.41,NA,CO2,272.377991,382.610992,N/A,NKW14_30_16042024_124231.txt,24.23773514033205,0.9087846862621586,24.516842853576026
WS2202,17-04-2024 12:28:57,Nickschieckw14,15,12.478971,50.137924,3.2,497.8,N/A,21.10,954.95,NA,CO2,237.949005,463.756989,N/A,Nickschieckw14_15_17042024_122857.txt,1094.100565175648,0.06799125968762008,23.607972919005846
WS1204,16-04-2024 10:44:16,WS1204NK10,24,12.431277,50.216128,0.5,531.2,1.7,N/A,51.0,A,CO2,0.228936,0.307526,N/A,WS1204NK10_24_16042024_104416.txt,978.4521246539161,105.67049494765395,21.980725728598667
WS2202,16-04-2024 13:41:49,NKW24,40,12.454102,50.214978,3.2,551.1,N/A,19.76,944.03,NA,CO2,201.643005,419.953003,N/A,NKW24_40_16042024_134149.txt,30.769049162247992,328.728609552277,23.533283149024324
WS2202,17-04-2024 16:40:52,Profil2W3,40,12.462113,50.137971,3.2,490.1,N/A,23.41,955.00,NA,CO2,234.886002,454.867004,N/A,Profil2W3_40_17042024_164052.txt,296.6637622472549,5.912944370271983,23.530395424609917
WS0823,17-04-2024 13:42:03,profilnkanna17,22,12.491542,50.143059,0.5,500.7,0.9,6,960,A,CO2,364.950000,0.471900,N/A,profilnkanna17_22_17042024_134203.txt,103.75106395695705,1.9049294778136851e-06,22.61185233494641
WS1204,16-04-2024 11:29:31,WS1204NK20,34,12.436174,50.215893,2.5,527.6,1.2,N/A,51.0,A,CO2,0.235233,0.331314,N/A,WS1204NK20_34_16042024_112931.txt,73.62332831415092,0.2914985286618643,23.211993351545484
WS1204,16-04-2024 12:03:15,WS1204NK23,39,12.439014,50.215592,1.4,509.9,3.9,7,960,A,CO2,0.232896,0.315454,N/A,WS1204NK23_39_16042024_120315.txt,33.72903588754897,2.6783432329905725,23.319041539414204
WS0823,17-04-2024 13:35:09,profilnkanna15,20,12.489741,50.142929,3.1,504.6,0.9,6,960,A,CO2,367.000000,0.535000,N/A,profilnkanna15_20_17042024_133509.txt,36.94049151400488,17.61558287847631,22.507935922791784
WS2202,15-04-2024 18:52:35,Fg1,4,12.429319,50.234177,3.2,542.4,N/A,18.02,944.91,NA,CO2,234.796005,502.109009,N/A,Fg1_4_15042024_185235.txt,692.6486147948299,0.09279909735611755,21.010503874283028
WS2202,16-04-2024 13:27:22,NKW21,37,12.453167,50.214981,3.2,547.5,N/A,19.68,944.67,NA,CO2,237.623001,398.136993,N/A,NKW21_37_16042024_132722.txt,144.03709991945985,0.11983789064680522,24.45370805383772
WS1204,17-04-2024 14:24:43,profilns33,117,12.496404,50.144862,0.4,490.7,0.2,9,967.0,A,CO2,0.311493,0.365827,N/A,profilns33_117_17042024_142443.txt,76.59780593802238,0.0011653821495386093,24.044144836511492
WS1204,17-04-2024 12:07:30,profilns7,91,12.471306,50.135310,0.0,495.6,0.0,7,966.6,A,CO2,0.289805,0.305197,N/A,profilns7_91_17042024_120730.txt,216.13285902874645,0.012583316791220971,24.222598693138394
WS2202,17-04-2024 11:38:16,Nickschieckw2,3,12.468215,50.134567,3.2,493.6,N/A,20.90,956.01,NA,CO2,258.822998,556.341980,N/A,Nickschieckw2_3_17042024_113816.txt,52.76479571900084,2.9003539002902124e-06,23.334794917717293
WS2202,17-04-2024 12:01:28,Nickschieckw8,9,12.471041,50.135238,3.2,496.9,N/A,23.06,955.39,NA,CO2,237.031006,455.609009,N/A,Nickschieckw8_9_17042024_120128.txt,590.7369537597717,96.20326385388364,24.50425639776539
WS1204,16-04-2024 10:04:45,WS1204NK1,15,12.426335,50.216471,6.1,527.5,0.6,5,51.0,A,CO2,0.226599,0.321288,N/A,WS1204NK1_15_16042024_100445.txt,39.2184842416654,0.07437838002741747,26.633760208919007
WS1204,15-04-2024 17:03:06,Test1204,1,12.420605,50.254695,1.0,643.4,0.3,N/A,51.0,A,CO2,0.253654,0.398711,N/A,Test1204_1_15042024_170306.txt,33.66783832018618,3.254414330850409e-06,23.343839031576547
WS2202,17-04-2024 17:35:54,Profil2W14,51,12.467982,50.140533,3.2,496.1,N/A,14.78,954.70,NA,CO2,243.324005,427.617004,N/A,Profil2W14_51_17042024_173554.txt,881.1282327227536,105.26678745968886,22.377685943930704
WS1204,16-04-2024 09:47:47,Test2TagWS1204,14,12.425623,50.216516,1.0,530.7,0.3,5,51.0,A,CO2,0.238262,0.307995,N/A,Test2TagWS1204_14_16042024_094747.txt,109.13469787851793,1.756525827585552e-05,22.575956569189508
WS1204,15-04-2024 19:23:12,WS1204FG9,11,12.427910,50.230736,2.6,527.3,3.8,N/A,51.0,A,CO2,0.249457,0.323387,N/A,WS1204FG9_11_15042024_192312.txt,79.029122922129,0.2597162739327653,21.569478200508986
WS1204,16-04-2024 10:52:20,WS1204NK12,26,12.432448,50.216136,1.3,534.4,0.4,N/A,51.0,A,CO2,0.249687,0.271845,N/A,WS1204NK12_26_16042024_105220.txt,254.81873194587263,6.053018349640261e-06,23.600614095848332
WS1204,17-04-2024 14:35:34,profilns35,119,12.498193,50.145867,1.6,490.0,1.7,9,966.8,A,CO2,0.294002,0.439059,N/A,profilns35_119_17042024_143534.txt,52.53654874472305,1.186534239250346e-06,23.17302513158324
WS0823,17-04-2024 14:13:15,profilnkanna23,30,12.494281,50.144048,0.6,493.9,1.0,7,960,A,CO2,365.600000,0.585400,N/A,profilnkanna23_30_17042024_141315.txt,32.7930068780204,24.456377657447696,25.3966619708542
WS1204,16-04-2024 12:32:27,WS1204NK30,48,12.443459,50.215739,0.2,519.3,1.1,7,960,A,CO2,0.191855,0.358600,N/A,WS1204NK30_48_16042024_123227.txt,535.9580111349882,1.0600890328274858e-06,20.968977786237367
WS1204,15-04-2024 19:16:07,WS1204FG7,9,12.428098,50.231649,0.6,532.6,3.2,N/A,51.0,A,CO2,0.246427,0.357201,N/A,WS1204FG7_9_15042024_191607.txt,111.48781245141525,1.9629457080675824e-05,23.822588433453618
WS2202,17-04-2024 15:01:26,Nickschieckw34,35,12.501832,50.150271,3.2,486.1,N/A,22.00,956.06,NA,CO2,257.921997,523.260010,N/A,Nickschieckw34_35_17042024_150126.txt,168.3037844911126,2.3110160610867486e-06,24.219415519618625
WS0823,17-04-2024 13:28:12,profilnkanna14,18,12.488105,50.142481,1.2,523.1,3.8,5,958,A,CO2,369.920000,0.523800,N/A,profilnkanna14_18_17042024_132812.txt,486.84615529759895,0.9568017714123808,21.234943557319994
WS1204,16-04-2024 11:10:21,WS1204NK16,30,12.433732,50.216008,0.5,529.3,0.2,N/A,51.0,A,CO2,0.203049,0.293065,N/A,WS1204NK16_30_16042024_111021.txt,542.7685871943999,0.03310992232656154,22.82445247561055
WS2202,16-04-2024 13:58:06,NKW28,44,12.456953,50.214732,3.2,561.7,N/A,20.76,942.93,NA,CO2,225.128998,366.434998,N/A,NKW28_44_16042024_135806.txt,157.2787621763694,0.00025187834679288085,23.478729295326836
WS1204,17-04-2024 11:46:20,profilns3,86,12.468759,50.135151,0.9,494.5,0.8,N/A,966.9,A,CO2,0.233134,0.322919,N/A,profilns3_86_17042024_114620.txt,29.12240395893796,0.4482908526153387,22.473338754263278
WS1204,17-04-2024 12:48:50,profilns14,98,12.482210,50.138819,1.4,505.7,1.4,7,965.8,A,CO2,0.277673,0.388684,N/A,profilns14_98_17042024_124850.txt,34.98771602525062,0.6280192139506019,22.999001994875876
WS1204,15-04-2024 17:15:37,Test1204ignore,3,12.420639,50.254661,0.4,642.6,0.5,N/A,51.0,A,CO2,0.269046,0.414802,N/A,Test1204ignore_3_15042024_171537.txt,74.30953609527701,0.0023813141084022145,21.821216533842495
WS1204,17-04-2024 12:43:48,profilns13,97,12.481308,50.138532,3.6,503.9,2.0,7,966.0,A,CO2,0.271614,0.358369,N/A,profilns13_97_17042024_124348.txt,183.79815158271916,1.3069384094743766e-05,22.325306571623045
WS1204,17-04-2024 12:52:41,profilns15,99,12.483155,50.139027,1.5,500.4,0.7,7,965.7,A,CO2,0.270446,0.332482,N/A,profilns15_99_17042024_125241.txt,645.794663943267,0.0002956226284517869,23.984253004741667
WS1204,16-04-2024 10:16:16,WS1204NK4,18,12.427916,50.216381,0.8,533.9,0.2,N/A,51.0,A,CO2,0.179962,0.273475,N/A,WS1204NK4_18_16042024_101616.txt,244.46760014661197,0.19564957146682643,24.31421247593076
WS2202,16-04-2024 13:20:35,NKW20,36,12.452162,50.215076,3.2,547.5,N/A,20.71,945.24,NA,CO2,285.080994,367.584015,N/A,NKW20_36_16042024_132035.txt,110.40456140595221,1.035635453814593e-06,22.778896850950908
WS0823,17-04-2024 12:55:14,profilnkanna10,13,12.483641,50.139204,0.6,503.7,0.6,7,960,A,CO2,373.780000,0.526200,N/A,profilnkanna10_13_17042024_125514.txt,48.81044471858867,0.04540492598362533,24.768202166147688
WS2202,17-04-2024 11:58:23,Nickschieckw7,8,12.470551,50.135264,3.2,502.4,N/A,23.46,955.41,NA,CO2,223.858994,407.795013,N/A,Nickschieckw7_8_17042024_115823.txt,252.132558491965,2.4988848993596746,21.98218379660847
WS1204,16-04-2024 13:45:54,WS1204NK45,63,12.454085,50.214767,1.1,555.8,1.1,7,960,A,CO2,0.284907,0.311256,N/A,WS1204NK45_63_16042024_134554.txt,37.087639559673434,0.006955732654345894,23.211929282054264
WS1204,17-04-2024 11:42:40,profilns2,85,12.468386,50.134696,0.3,493.0,0.2,N/A,967.2,A,CO2,0.284438,0.437191,N/A,profilns2_85_17042024_114240.txt,430.8470777244817,0.005054078263997411,24.886330103915757
WS1204,17-04-2024 17:00:05,profilmk3,124,12.466157,50.139373,5.8,475.4,18.7,8,965.4,A,CO2,0.290035,0.355802,N/A,profilmk3_124_17042024_170005.txt,135.16399585926794,1.7416844058636636,24.792349865848546
WS1204,17-04-2024 14:19:12,profilns32,116,12.495117,50.144321,1.3,495.4,2.3,9,966.6,A,CO2,0.234295,0.363966,N/A,profilns32_116_17042024_141912.txt,92.18757596279953,0.4880639743562953,23.346083596075495
WS2202,17-04-2024 12:49:59,Nickschieckw19,20,12.482839,50.139004,3.2,497.4,N/A,20.70,954.56,NA,CO2,304.143005,329.735992,N/A,Nickschieckw19_20_17042024_124959.txt,390.5538910333424,0.0004348001479327113,24.21990666540716
