INSTRUMENT S/N,TIME,SITE,POINT,LONGITUDE,LATITUDE,POSITION_ERROR (m),ELEVATION (m),ELEVATION_ERROR (m),TEMPERATURE (Â°C),PRESSURE (HPa),ACCUMULATION CHAMBER,SENSOR_TYPE,MIN (ppm),MAX (ppm),FLUX (ppm/sec),FLUX (moles/m^2/d),R^2,Filename,CH4 Flux (ppm/sec),VOC Flux (ppm/sec),H2O Flux (ppm/sec)
WS0823,29-08-2024 17:29:57,LS31,31,7.270084,50.421537,2.2,320.6,0.3,43.2,51.2,A,CO2,351.850000,0.290700,4.00E-01,4.00E-01,0.927,LS31_31_29082024_172957.txt,0.037907242628980375,0.3797979872422323,0.2856469758441298
WS2202,18-06-2024 07:36:09,P20,20,7.277216,50.418939,3.2,323.1,N/A,15,983.15,NA,CO2,303.751007,380.730011,9.88E-02,N/A,0.904,P20_20_18062024_073609.txt,0.056113607929020155,0.05761400158448678,0.0553173085237928
WS1204,28-08-2024 10:42:55,LS14,14,7.281929,50.409459,3.9,314.4,1.4,N/A,51.0,A,CO2,0.514151,0.643354,9.57E-01,9.57E-01,0.954,LS14_14_28082024_104255.txt,0.6354037153461914,0.47530597139743364,0.7893849251340066
WS2202,20-06-2024 19:59:56,68,76,7.258024,50.407702,3.2,330.0,N/A,26.25,984.46,NA,CO2,257.218994,348.085999,4.13E-01,N/A,0.938,68_76_20062024_195956.txt,0.03291539861928138,0.018978236479534852,0.10727187826422314
WS2202,17-06-2024 13:57:12,LS15,15,7.282850,50.410272,3.2,330.1,N/A,20,1012,NA,CO2,265.903992,388.132996,4.30E-01,N/A,0.922,LS15_15_17062024_135712.txt,0.35673236524494484,0.08287651575081151,0.012191322577163233
WS2202,17-06-2024 11:05:53,LS4,4,7.270964,50.409985,3.2,324.5,N/A,17,1012,NA,CO2,301.100006,329.725006,2.50E-01,N/A,0.859,LS4_4_17062024_110553.txt,0.2121739354307095,0.024016329953797405,0.18921671969410245
WS2202,21-06-2024 08:32:40,113,113,7.268047,50.410068,3.2,324.7,N/A,23.98,982.55,NA,CO2,232.233994,433.967987,6.20E-01,N/A,0.984,113_113_21062024_083240.txt,0.05761782056134811,0.556374567549924,0.5852978231809952
WS2202,21-06-2024 06:35:28,84,84,7.271075,50.406135,3.2,325.7,N/A,24.92,982.00,NA,CO2,272.730011,462.721985,1.39E-01,N/A,0.919,84_84_21062024_063528.txt,0.09213450650880611,0.06239055826000218,0.10655407941676143
WS1204,27-08-2024 08:55:48,LS2,2,7.271307,50.413906,2.0,313.7,2.5,16,51.0,A,CO2,0.446755,0.619335,1.81E-01,1.81E-01,0.977,LS2_2_27082024_085548.txt,0.10121918220370105,0.14747133081391764,0.014186439856243805
WS2202,18-06-2024 17:06:37,gps19,12,7.271005,50.408049,3.2,324.1,N/A,24,1014,NA,CO2,249.417999,365.933014,9.48E-01,N/A,0.965,gps19_12_18062024_170637.txt,0.6429230252502205,0.18160092315416607,0.17451179979619377
WS2202,17-06-2024 11:27:28,LS5,5,7.278888,50.409387,3.2,331.6,N/A,18,1010,NA,CO2,246.274002,348.598999,3.17E-01,N/A,0.920,LS5_5_17062024_112728.txt,0.06568245629665272,0.11033923943290964,0.27455205782444725
WS0823,29-08-2024 17:11:59,LS28,28,7.277298,50.420832,2.4,324.6,0.6,44.1,51.2,A,CO2,353.700000,0.264400,7.43E-01,7.43E-01,0.963,LS28_28_29082024_171159.txt,0.3043247096836983,0.12794133951027883,0.3028198227577048
WS1204,28-08-2024 09:31:18,LS5,5,7.277286,50.408160,1.0,318.0,0.6,N/A,51.0,A,CO2,0.481037,0.747600,5.85E-01,5.85E-01,0.977,LS5_5_28082024_093118.txt,0.052362327890910235,0.5148713064278095,0.4403281847094293
WS0823,29-08-2024 15:06:41,LS5,5,7.261759,50.405163,10.7,322.1,9.2,42.7,51.2,A,CO2,352.890000,0.283400,1.19E00,1.19E00,0.961,LS5_5_29082024_150641.txt,0.22406887777667014,1.1418857304796943,1.0994089238875047
WS0823,29-08-2024 18:14:31,LS46,46,7.258087,50.412288,1.5,318.2,0.4,40.9,51.2,A,CO2,356.610000,0.324300,8.78E-01,8.78E-01,0.974,LS46_46_29082024_181431.txt,0.35720327720405454,0.1296786400848622,0.40677464791531553
WS2202,21-06-2024 07:53:15,103,103,7.275028,50.415165,3.2,332.7,N/A,24.36,982.36,NA,CO2,323.934998,396.272003,4.92E-01,N/A,0.970,103_103_21062024_075315.txt,0.06522298332548357,0.4158290820891012,0.10287985014536395
WS2202,20-06-2024 13:10:57,bigmofettibay,35,7.277362,50.408182,3.2,320.3,N/A,18,987.27,NA,CO2,229.095001,390.528015,1.28E00,N/A,0.923,bigmofettibay_35_20062024_131057.txt,0.24466090430469975,0.4094288836522037,0.5991301717440399
WS1204,28-08-2024 13:24:20,LS19,19,7.270430,50.404921,0.7,318.3,2.5,N/A,51.0,A,CO2,0.482437,1.180208,1.04E00,1.04E00,0.962,LS19_19_28082024_132420.txt,0.9799222278027926,0.7739648361547081,0.7306518121128767
WS2202,18-06-2024 07:54:47,P23,23,7.282750,50.416792,3.2,325.1,N/A,16,983.25,NA,CO2,265.591003,419.618988,1.76E-01,N/A,0.901,P23_23_18062024_075447.txt,0.08516491355649107,0.1709196574527337,0.12457402850148898
WS0823,29-08-2024 17:50:55,LS37,37,7.262686,50.417406,3.6,317.3,1.8,42.4,51.2,A,CO2,352.630000,0.320600,1.88E00,1.88E00,0.943,LS37_37_29082024_175055.txt,1.8550174659174188,0.09255019330609329,1.7689408790809533
WS0823,29-08-2024 17:45:03,LS36,36,7.264052,50.419817,2.6,321.2,3.2,42.5,51.2,A,CO2,352.590000,0.305300,7.30E-01,7.30E-01,0.900,LS36_36_29082024_174503.txt,0.3912685969159999,0.3791492847779087,0.5320313802264686
WS2202,20-06-2024 18:04:40,47,47,7.281694,50.413270,3.2,319.5,N/A,31.15,984.88,NA,CO2,200.016998,398.239990,3.67E-01,N/A,0.923,47_47_20062024_180440.txt,0.2092593395081453,0.0724727262408654,0.18490738782369656
WS2202,20-06-2024 11:59:57,25,27,7.263806,50.407261,3.2,330.7,N/A,26.87,987.11,NA,CO2,227.434006,389.614014,2.85E-01,N/A,0.935,25_27_20062024_115957.txt,0.08549494507716239,0.03706141109097447,0.1596699746693052
WS2202,18-06-2024 07:43:28,P21,21,7.279519,50.418383,3.2,327.0,N/A,27.65,983.23,NA,CO2,276.239990,357.993988,1.24E-01,N/A,0.903,P21_21_18062024_074328.txt,0.07274110777902672,0.05738048202392194,0.02900002904655069
WS2202,21-06-2024 06:05:09,79,79,7.261869,50.405028,3.2,338.1,N/A,24.29,981.68,NA,CO2,340.691010,539.023987,1.02E-01,N/A,0.926,79_79_21062024_060509.txt,0.09676996485797332,0.031124530688335685,0.07738179584500832
WS2202,20-06-2024 17:57:21,45,45,7.283884,50.412321,3.2,318.2,N/A,31.07,985.01,NA,CO2,216.029999,352.593994,1.72E-01,N/A,0.918,45_45_20062024_175721.txt,0.10773399620173996,0.0841749590972645,0.11665378114848611
WS2202,18-06-2024 06:54:01,P13,13,7.267408,50.416543,3.2,327.0,N/A,21.99,983.35,NA,CO2,287.207001,423.608002,9.87E-02,N/A,0.927,P13_13_18062024_065401.txt,0.060101149577265006,0.0017060812913850553,0.08041559910344503
WS1204,28-08-2024 10:25:23,LS11,11,7.281181,50.408457,2.6,314.0,3.2,N/A,51.0,A,CO2,0.460979,0.615599,3.02E-01,3.02E-01,0.993,LS11_11_28082024_102523.txt,0.08587860496900429,0.1524217403044673,0.27004316167374814
WS2202,20-06-2024 11:56:11,25,26,7.264391,50.407348,3.2,325.9,N/A,17,986.93,NA,CO2,223.259995,389.739990,5.21E-01,N/A,0.947,25_26_20062024_115611.txt,0.08439074355902357,0.4129533846812839,0.05483289139564031
WS2202,21-06-2024 08:59:28,118,118,7.268155,50.409359,3.2,325.3,N/A,21.83,981.94,NA,CO2,233.175995,398.852997,3.66E-01,N/A,0.939,118_118_21062024_085928.txt,0.24002210158124487,0.1608619382787083,0.2314924689809365
WS2202,18-06-2024 07:14:17,P16,16,7.271011,50.419123,3.2,329.1,N/A,23.16,983.34,NA,CO2,237.240005,416.852997,1.17E-01,N/A,0.920,P16_16_18062024_071417.txt,0.09599452364061938,0.06705674047736353,0.08095427118263324
WS0823,29-08-2024 18:11:43,LS45,45,7.259072,50.412512,1.2,316.9,1.3,41.0,51.2,A,CO2,0.107100,0.296200,6.33E-01,6.33E-01,0.983,LS45_45_29082024_181143.txt,0.6081689083062396,0.30699875047855707,0.3234889845984391
WS2202,21-06-2024 07:39:22,100,100,7.276797,50.417857,3.2,324.3,N/A,24.45,982.42,NA,CO2,259.643005,436.501007,3.66E-01,N/A,0.912,100_100_21062024_073922.txt,0.29418677403183835,0.3324425483440473,0.2901810878077212
WS2202,18-06-2024 17:15:23,Hoehecrater,13,7.272089,50.409203,3.2,320.9,N/A,29.60,980.69,NA,CO2,281.343994,462.835999,2.33E-01,N/A,0.923,Hoehecrater_13_18062024_171523.txt,0.021375232787848655,0.2206524123152478,0.1811124523250175
WS2202,20-06-2024 11:41:27,DC2,23,7.264515,50.407378,3.2,325.3,N/A,23.99,987.10,NA,CO2,222.975998,482.002991,1.66E00,N/A,0.981,DC2_23_20062024_114127.txt,0.14998653183724375,0.6397600702495597,1.4208154470934147
WS2202,21-06-2024 09:27:24,125,126,7.269025,50.413332,3.2,326.8,N/A,23.79,981.82,NA,CO2,236.921997,428.795990,4.69E-01,N/A,0.959,125_126_21062024_092724.txt,0.32485066315398425,0.39768003854757117,0.41049994982636545
WS2202,20-06-2024 19:29:49,68,70,7.259230,50.412552,3.2,314.6,N/A,26.64,984.41,NA,CO2,220.867996,374.104004,1.77E-01,N/A,0.920,68_70_20062024_192949.txt,0.13173554848539423,0.055884712257974464,0.03522065828001154
WS2202,21-06-2024 08:35:44,114,114,7.267369,50.409560,3.2,322.0,N/A,23.88,982.54,NA,CO2,273.390015,374.962006,4.44E-01,N/A,0.951,114_114_21062024_083544.txt,0.13677276797056775,0.31098983222505155,0.092629348290139
WS2202,18-06-2024 05:54:51,P1,1,7.261896,50.405242,3.2,329.6,N/A,13,1015,NA,CO2,263.617004,462.186005,3.51E-01,N/A,0.808,P1_1_18062024_055451.txt,0.2727134868736428,0.22197721761131908,0.23130286922479118
WS0823,29-08-2024 17:32:40,LS32,32,7.269215,50.421349,2.0,320.1,1.4,43.0,51.2,A,CO2,352.630000,0.327300,1.88E00,1.88E00,0.970,LS32_32_29082024_173240.txt,1.4060643302324694,0.7814048397890673,1.4733195867596478
WS0823,29-08-2024 14:48:58,LS1,1,7.262616,50.405069,2.0,319.3,3.7,41.0,51.2,A,CO2,0.000000,1.679300,6.06E-01,6.06E-01,0.989,LS1_1_29082024_144858.txt,0.3078460180693146,0.14685973582648942,0.1146711066412568
WS2202,18-06-2024 07:49:23,P22,22,7.280878,50.417967,3.2,325.2,N/A,29.04,983.35,NA,CO2,246.895996,425.480988,1.81E-01,N/A,0.910,P22_22_18062024_074923.txt,0.0905231720774897,0.01998726237246788,0.1604559991028883
WS1204,28-08-2024 11:01:26,LS16,16,7.282377,50.409290,2.2,320.6,3.2,N/A,51.0,A,CO2,0.526982,0.717746,8.31E-01,8.31E-01,0.996,LS16_16_28082024_110126.txt,0.7436620513280011,0.5246168327592631,0.7465287716220954
WS2202,17-06-2024 13:41:18,LS13,13,7.280096,50.409070,3.2,321.1,N/A,19,1012,NA,CO2,214.927002,384.427002,5.26E-01,N/A,0.925,LS13_13_17062024_134118.txt,0.4430372293401549,0.1620639282286633,0.03569511257081362
WS2202,20-06-2024 17:38:29,41,41,7.281096,50.409103,3.2,324.2,N/A,30.82,985.28,NA,CO2,203.289993,385.626007,1.64E-01,N/A,0.911,41_41_20062024_173829.txt,0.06775592819614713,0.1263803457041109,0.09510889816746042
WS2202,21-06-2024 08:01:44,105,105,7.273487,50.414374,3.2,327.6,N/A,24.04,982.66,NA,CO2,254.005997,366.872009,3.22E-01,N/A,0.922,105_105_21062024_080144.txt,0.00035531625483599253,0.10021853778537623,0.20771383962441684
WS2202,21-06-2024 08:18:44,109,109,7.270290,50.412083,3.2,327.1,N/A,24.20,982.49,NA,CO2,236.000000,437.356995,6.23E-01,N/A,0.976,109_109_21062024_081844.txt,0.3823121693964278,0.3176466761944658,0.4891105162190671
WS2202,20-06-2024 19:12:48,67,67,7.261689,50.414252,3.2,321.0,N/A,27.67,984.58,NA,CO2,241.251999,333.308990,1.43E-01,N/A,0.907,67_67_20062024_191248.txt,0.0192851121474617,0.018841165128941954,0.07230484994394296
WS2202,21-06-2024 06:59:31,89,89,7.275895,50.410091,3.2,331.1,N/A,24.93,982.03,NA,CO2,324.438995,446.433014,4.55E-01,N/A,0.954,89_89_21062024_065931.txt,0.2667196121933117,0.18598868186574893,0.28015330350691076
WS2202,21-06-2024 06:16:39,81,81,7.263171,50.403903,3.2,329.9,N/A,25.30,981.90,NA,CO2,288.888000,471.580994,1.07E-01,N/A,0.909,81_81_21062024_061639.txt,0.016066558795418906,0.07578398350914663,0.08368450872085761
WS2202,17-06-2024 12:10:05,LS11,11,7.283653,50.414304,3.2,328.3,N/A,19,1012,NA,CO2,260.058014,382.312988,9.92E-01,N/A,0.945,LS11_11_17062024_121005.txt,0.026950220415618165,0.313039068583554,0.5929767067502858
WS2202,18-06-2024 06:26:02,P7,8,7.263789,50.413165,3.2,328.7,N/A,20.02,983.40,NA,CO2,284.542999,435.125000,1.32E-01,N/A,0.901,P7_8_18062024_062602.txt,0.022823534399025437,0.01179121040627486,0.11906481656140529
WS2202,21-06-2024 08:38:45,115,115,7.266805,50.408994,3.2,325.5,N/A,23.85,982.33,NA,CO2,308.256989,441.565002,2.70E-01,N/A,0.926,115_115_21062024_083845.txt,0.1850439734782921,0.19029158067964186,0.14297971507087923
WS2202,18-06-2024 07:02:32,P14,14,7.268268,50.417246,3.2,324.6,N/A,22.21,983.22,NA,CO2,286.075012,384.536011,1.30E-01,N/A,0.903,P14_14_18062024_070232.txt,0.004644712792426267,0.04943006713345269,0.046564739538497976
WS2202,18-06-2024 06:42:20,P11,11,7.266167,50.415391,3.2,325.0,N/A,19.77,983.38,NA,CO2,300.639008,410.109985,1.20E-01,N/A,0.904,P11_11_18062024_064220.txt,0.11031114119682034,0.016830884936389286,0.09416510914728689
WS2202,17-06-2024 13:48:11,LS14,14,7.281825,50.409456,3.2,326.7,N/A,19,981.69,NA,CO2,216.470001,399.330994,1.74E-01,N/A,0.926,LS14_14_17062024_134811.txt,0.17305822506541788,0.029282235244938885,0.1378680837730921
WS2202,21-06-2024 09:24:08,125,125,7.270573,50.412883,3.2,324.5,N/A,23.80,982.23,NA,CO2,231.662994,431.118011,3.46E-01,N/A,0.945,125_125_21062024_092408.txt,0.15937591437407647,0.2588330564214011,0.3328158510758464
WS2202,21-06-2024 07:18:01,94,94,7.279022,50.414959,3.2,330.4,N/A,24.71,982.24,NA,CO2,325.381012,403.653992,3.60E-01,N/A,0.952,94_94_21062024_071801.txt,0.3483029595712686,0.13920905174247158,0.1528503975075116
WS2202,21-06-2024 07:31:47,98,98,7.278452,50.417899,3.2,336.3,N/A,24.52,982.40,NA,CO2,254.378998,459.806000,2.38E-01,N/A,0.907,98_98_21062024_073147.txt,0.17718153914036125,0.17290240846880714,0.217126673018217
WS0823,29-08-2024 18:08:41,LS44,44,7.260358,50.413022,1.8,320.3,0.7,41.1,51.2,A,CO2,353.610000,0.302500,9.69E-01,9.69E-01,0.936,LS44_44_29082024_180841.txt,0.45657542840583676,0.6720919403931364,0.8692205056543282
WS0823,29-08-2024 17:35:25,LS33,33,7.268444,50.421142,1.2,320.5,0.4,42.9,51.2,A,CO2,352.060000,0.321000,4.37E-01,4.37E-01,0.927,LS33_33_29082024_173525.txt,0.0007297795149615425,0.3499613746780353,0.33646848720796513
WS2202,21-06-2024 09:17:25,123,123,7.273811,50.411947,3.2,324.1,N/A,23.58,982.19,NA,CO2,327.158997,370.632996,5.21E-01,N/A,0.965,123_123_21062024_091725.txt,0.23643015925066763,0.1039089291345985,0.39860263469117085
WS2202,21-06-2024 09:33:55,128,128,7.265737,50.414201,3.2,323.7,N/A,23.81,982.03,NA,CO2,266.363007,371.114990,4.39E-01,N/A,0.925,128_128_21062024_093355.txt,0.14880359296142456,0.34708993491925744,0.3021820375506804
WS2202,20-06-2024 19:45:56,68,73,7.257415,50.411153,3.2,324.4,N/A,26.91,984.36,NA,CO2,218.779007,393.332001,1.77E-01,N/A,0.914,68_73_20062024_194556.txt,0.03091307459909037,0.07113342335222751,0.1172125248924235
WS2202,21-06-2024 09:14:00,122,122,7.275003,50.411523,3.2,324.3,N/A,23.04,982.27,NA,CO2,258.204010,397.686005,1.02E00,N/A,0.987,122_122_21062024_091400.txt,0.25401250193345326,0.5332353355911641,0.18123865510247977
WS2202,18-06-2024 06:13:31,P5,5,7.262628,50.409521,3.2,327.5,N/A,19.30,983.27,NA,CO2,275.269012,408.158997,6.62E-01,N/A,0.888,P5_5_18062024_061331.txt,0.495281211690926,0.6341956067400312,0.6489393732036018
WS2202,17-06-2024 12:04:41,LS10,10,7.283040,50.412936,3.2,323.7,N/A,19,1012,NA,CO2,218.078995,394.695007,7.88E-01,N/A,0.919,LS10_10_17062024_120441.txt,0.6974643354172375,0.2667181273885354,0.3190651889847016
WS0823,29-08-2024 17:39:12,LS34,34,7.266991,50.420856,1.6,321.4,1.0,42.8,51.2,A,CO2,351.800000,0.341000,1.48E00,1.48E00,0.986,LS34_34_29082024_173912.txt,0.09818710173987565,0.0004574495941819556,0.18499948234130836
WS2202,20-06-2024 19:21:25,68,69,7.259985,50.412874,3.2,317.5,N/A,27.31,984.42,NA,CO2,204.076004,386.083008,4.63E-01,N/A,0.958,68_69_20062024_192125.txt,0.2727692331978644,0.07928634712510686,0.2553582280683143
WS2202,21-06-2024 08:22:39,110,110,7.269627,50.411507,3.2,330.9,N/A,17,1013,NA,CO2,245.714005,417.958008,5.34E-01,N/A,0.954,110_110_21062024_082239.txt,0.14156961659260603,0.127335753740793,0.09704904408715195
WS2202,20-06-2024 17:27:37,38,38,7.277778,50.408686,3.2,325.7,N/A,29.33,985.51,NA,CO2,252.884003,455.529999,4.08E-01,N/A,0.938,38_38_20062024_172737.txt,0.3257807452996827,0.262837003268934,0.01876500761138056
WS2202,21-06-2024 05:59:31,77,78,7.260929,50.405213,3.2,330.1,N/A,22.86,981.67,NA,CO2,344.820007,579.443970,1.11E-01,N/A,0.933,77_78_21062024_055931.txt,0.10686833030799253,0.06510744117929833,0.10179731954624512
WS2202,21-06-2024 10:10:22,138,138,7.260241,50.406327,3.2,328.3,N/A,24.06,981.81,NA,CO2,243.677002,412.078003,1.47E-01,N/A,0.913,138_138_21062024_101022.txt,0.10994954602792145,0.07182929908826474,0.05476913328290136
WS0823,29-08-2024 16:54:58,LS25,25,7.284140,50.417891,1.7,321.5,2.8,44.3,51.2,A,CO2,353.640000,0.266200,1.22E00,1.22E00,0.988,LS25_25_29082024_165458.txt,1.0865325937072419,0.9977186040928733,0.8855414795067421
WS2202,21-06-2024 05:54:39,77,77,7.259738,50.405541,3.2,328.4,N/A,15,1014,NA,CO2,355.968994,465.191010,1.41E-01,N/A,0.905,77_77_21062024_055439.txt,0.11425629684591941,0.0558246403401213,0.11111530573896616
WS2202,18-06-2024 07:07:55,P15,15,7.269287,50.418110,3.2,325.2,N/A,22.81,983.20,NA,CO2,242.643997,389.144989,1.16E-01,N/A,0.902,P15_15_18062024_070755.txt,0.009549504084203004,0.019541478871684656,0.01815591146039321
WS0823,29-08-2024 15:52:33,LS14,14,7.275984,50.407448,1.6,320.5,4.9,44.3,51.2,A,CO2,352.750000,0.312600,1.07E00,1.07E00,0.931,LS14_14_29082024_155233.txt,1.0347203105007352,0.546329454058319,0.8271669764466965
WS2202,18-06-2024 16:44:18,gps18,11,7.262456,50.405996,3.2,317.3,N/A,29.29,980.67,NA,CO2,224.285004,381.899994,4.88E-01,N/A,0.974,lab356_7_04042024_142037.txt,0.3599637720532393,0.43830797369615115,0.43677700484220117
WS2202,20-06-2024 18:19:48,51,51,7.277389,50.415403,3.2,319.6,N/A,29.92,984.94,NA,CO2,276.898987,397.765991,4.95E-01,N/A,0.958,51_51_20062024_181948.txt,0.04331839515607313,0.13844026946363908,0.028436190774177878
WS0823,29-08-2024 17:21:32,LS29,29,7.273747,50.421256,9.0,314.3,9.3,43.6,51.2,A,CO2,353.800000,0.291700,7.21E-01,7.21E-01,0.987,LS29_29_29082024_172132.txt,0.16100562274628202,0.22754492545391738,0.20606310699011704
WS0823,29-08-2024 17:26:17,LS30,30,7.271512,50.421301,1.7,321.3,1.2,43.4,51.2,A,CO2,351.710000,0.296700,5.31E-01,5.31E-01,0.976,LS30_30_29082024_172617.txt,0.4226074007719476,0.30505877085767164,0.16514483422385476
WS2202,17-06-2024 14:03:29,LS16,16,7.283904,50.411146,3.2,321.6,N/A,19,982.01,NA,CO2,245.580002,343.657990,4.73E-01,N/A,0.956,LS16_16_17062024_140329.txt,0.13476256836475517,0.2746670739349528,0.2610069989242463
WS2202,21-06-2024 09:07:12,120,120,7.271925,50.410246,3.2,319.4,N/A,22.76,981.85,NA,CO2,260.114014,424.580994,5.60E-01,N/A,0.938,120_120_21062024_090712.txt,0.21278334086598213,0.5524418996813559,0.02883898386667977
WS2202,20-06-2024 18:36:52,57,57,7.271672,50.418174,3.2,320.7,N/A,29.40,984.90,NA,CO2,203.343994,335.872009,5.20E-01,N/A,0.975,57_57_20062024_183652.txt,0.0037930814059847287,0.24378457347329657,0.14678187033401457
WS2202,17-06-2024 11:47:54,LS8,8,7.282831,50.411944,3.2,323.0,N/A,18,1012,NA,CO2,299.395996,333.359009,3.19E-01,N/A,0.929,LS8_8_17062024_114754.txt,0.15895168957775468,0.31294986245885426,0.00645243881382351
WS1204,28-08-2024 10:50:28,LS15,15,7.281900,50.409545,0.0,322.1,0.0,N/A,51.0,A,CO2,0.528144,0.673207,5.42E-01,5.42E-01,0.987,LS15_15_28082024_105028.txt,0.5417392452878398,0.29640150155052236,0.2776377593321116
WS2202,21-06-2024 09:55:18,134,134,7.263915,50.409023,3.2,326.3,N/A,23.68,982.25,NA,CO2,233.498001,403.281006,7.57E-01,N/A,0.934,134_134_21062024_095518.txt,0.49337737920479585,0.3837990775099601,0.33755871105926316
WS2202,20-06-2024 18:42:28,59,59,7.269903,50.419017,3.2,322.6,N/A,29.63,984.97,NA,CO2,251.994003,369.371002,3.07E-01,N/A,0.937,59_59_20062024_184228.txt,0.03313121642171081,0.12401871343467187,0.09867700408470953
WS2202,21-06-2024 09:58:26,135,135,7.263176,50.408207,3.2,325.8,N/A,23.72,982.26,NA,CO2,251.744995,417.161011,7.38E-01,N/A,0.932,135_135_21062024_095826.txt,0.7147466635392866,0.4536575656443902,0.24357652666721927
WS2202,20-06-2024 12:40:15,33,33,7.275338,50.408495,3.2,314.7,N/A,27.09,987.11,NA,CO2,274.673004,622.151001,1.75E-01,N/A,0.929,33_33_20062024_124015.txt,0.040624329933955615,0.06126580929455956,0.08807457574368899
WS2202,21-06-2024 09:30:40,127,127,7.267415,50.413804,3.2,322.1,N/A,18,1013,NA,CO2,280.294006,359.941986,4.16E-01,N/A,0.962,127_127_21062024_093040.txt,0.11393220007585075,0.3577407773492785,0.10491929262283464
WS2202,21-06-2024 09:51:51,133,133,7.264663,50.409898,3.2,327.1,N/A,23.59,982.25,NA,CO2,232.595001,401.842010,6.38E-01,N/A,0.939,133_133_21062024_095151.txt,0.5149915461183788,0.5547948885087486,0.2146017748319601
WS1204,28-08-2024 10:20:47,LS10,10,7.281131,50.408431,0.2,316.2,0.0,N/A,51.0,A,CO2,0.483367,0.676236,4.18E-01,4.18E-01,0.985,LS10_10_28082024_102047.txt,0.32460447402235587,0.08605959527111709,0.006887838709595124
WS2202,20-06-2024 18:54:14,62,62,7.265315,50.418746,3.2,321.5,N/A,22,1016,NA,CO2,192.589005,482.895996,4.25E-01,N/A,0.946,62_62_20062024_185414.txt,0.10948017260618897,0.033351414581866,0.41013038759044773
WS2202,18-06-2024 08:03:45,P25,25,7.283563,50.414663,3.2,322.1,N/A,16,983.40,NA,CO2,285.740997,394.274994,1.39E-01,N/A,0.934,P25_25_18062024_080345.txt,0.045837062665834795,0.0784389166698806,0.038122730883061805
WS0823,29-08-2024 16:07:39,LS17,17,7.278959,50.408443,2.6,328.4,3.2,43.8,51.2,A,CO2,361.040000,0.355800,4.33E-01,4.33E-01,0.994,LS17_17_29082024_160739.txt,0.29926975373181275,0.33469722669668933,0.02617899331925928
WS0823,29-08-2024 15:44:04,LS12,12,7.272617,50.406175,2.6,317.6,0.8,44.3,51.2,A,CO2,353.300000,0.356100,8.68E-01,8.68E-01,0.997,LS12_12_29082024_154404.txt,0.4999872994235188,0.8383906371580117,0.4401014229752469
WS0823,29-08-2024 15:01:14,LS4,4,7.261287,50.405541,1.7,326.7,0.2,42.2,51.2,A,CO2,355.120000,0.293500,1.90E00,1.90E00,0.948,LS4_4_29082024_150114.txt,1.6326180630470375,1.3379983202357038,0.7105413597118112
WS2202,18-06-2024 06:37:08,P9,10,7.265424,50.414906,3.2,329.4,N/A,20.21,983.38,NA,CO2,267.286011,439.584015,1.74E-01,N/A,0.924,P9_10_18062024_063708.txt,0.12093790454916004,0.0034483492516763376,0.1663460918357881
WS2202,20-06-2024 19:53:04,68,75,7.257661,50.409649,3.2,324.3,N/A,26.70,984.43,NA,CO2,298.322998,815.960999,1.90E-01,N/A,0.919,68_75_20062024_195304.txt,0.09496493827313209,0.15502855175871605,0.038270358192919025
WS2202,21-06-2024 09:45:34,131,131,7.266004,50.411636,3.2,326.7,N/A,23.68,982.41,NA,CO2,244.985001,420.997009,4.68E-01,N/A,0.934,131_131_21062024_094534.txt,0.39812370672878145,0.12804670145448194,0.21112848608313106
WS2202,20-06-2024 17:43:07,42,42,7.282541,50.409528,3.2,324.7,N/A,31.13,985.11,NA,CO2,219.996994,378.985992,1.91E-01,N/A,0.920,42_42_20062024_174307.txt,0.05104721839575806,0.15984327182921063,0.009560616737765074
WS2202,20-06-2024 18:39:13,58,58,7.270800,50.418597,3.2,323.0,N/A,29.44,984.98,NA,CO2,239.585007,329.401001,2.79E-01,N/A,0.948,58_58_20062024_183913.txt,0.03521876022775922,0.11006896349472851,0.11226336471419089
WS2202,17-06-2024 10:39:32,LS2,2,7.266678,50.405979,3.2,327.4,N/A,17,1015,NA,CO2,212.345993,391.937988,3.93E-01,N/A,0.950,LS2_2_17062024_103932.txt,0.19294523257081855,0.384483991971303,0.20414899392930191
WS2202,18-06-2024 06:47:35,P12,12,7.266701,50.415884,3.2,325.7,N/A,21.45,983.39,NA,CO2,313.855011,459.341003,9.07E-02,N/A,0.867,P12_12_18062024_064735.txt,0.07573473323220162,0.05579168996874882,0.08558325012589582
WS2202,20-06-2024 18:49:28,61,61,7.265769,50.418601,3.2,321.1,N/A,29.30,984.98,NA,CO2,228.561005,370.295013,6.00E-01,N/A,0.978,61_61_20062024_184928.txt,0.5244537605928277,0.25817468904090324,0.30316248254170747
WS2202,18-06-2024 11:46:21,P28,29,7.260901,50.408461,3.2,321.9,N/A,26.86,981.97,NA,CO2,207.229004,366.286987,3.47E-01,N/A,0.937,P28_29_18062024_114621.txt,0.19919241605791613,0.2070309143252409,0.17735972882070994
WS2202,20-06-2024 18:33:53,56,56,7.272506,50.417780,3.2,326.5,N/A,29.43,984.88,NA,CO2,221.320007,381.031006,3.25E-01,N/A,0.944,56_56_20062024_183353.txt,0.07099989340177354,0.26745307291060555,0.20490933058679558
WS0823,29-08-2024 16:11:50,LS18,18,7.280342,50.408714,5.5,319.6,2.2,43.7,51.2,A,CO2,376.280000,0.343400,9.23E-01,9.23E-01,0.997,LS18_18_29082024_161150.txt,0.2321777225931409,0.8086233219528005,0.2636289704917798
WS0823,29-08-2024 16:41:27,LS23,23,7.285195,50.413187,2.2,322.5,1.1,44.3,51.2,A,CO2,351.400000,0.278900,1.04E00,1.04E00,0.953,LS23_23_29082024_164127.txt,0.02304453203368848,0.9559161320522894,0.947447034509532
WS2202,18-06-2024 05:59:25,P2,2,7.262082,50.406285,3.2,326.2,N/A,14,1015,NA,CO2,272.269012,459.842987,8.69E-01,N/A,0.888,P2_2_18062024_055925.txt,0.8357627031731462,0.4871717462541281,0.7445479274682082
WS0823,29-08-2024 17:53:43,LS38,38,7.262541,50.416586,1.6,323.4,0.3,42.1,51.2,A,CO2,355.050000,0.314400,2.05E00,2.05E00,0.953,LS38_38_29082024_175343.txt,0.836435713050904,0.3278698114848885,0.5818520653718184
WS1204,28-08-2024 12:22:31,LS17,17,7.277442,50.408105,3.6,323.6,2.1,N/A,51.0,A,CO2,0.616068,1.031184,1.60E02,1.60E02,0.958,LS17_17_28082024_122231.txt,96.07991330015687,89.15404773897899,64.43891959149673
WS2202,20-06-2024 12:12:07,28,29,7.268331,50.408391,3.2,328.1,N/A,26.99,987.28,NA,CO2,204.268005,393.962006,2.20E-01,N/A,0.922,28_29_20062024_121207.txt,0.15827418155522133,0.15218022378362955,0.11101538469554156
WS1204,28-08-2024 12:26:30,LS18,18,7.277373,50.408331,0.0,324.1,0.0,N/A,51.0,A,CO2,0.550070,0.845549,5.71E-01,5.71E-01,0.982,LS18_18_28082024_122630.txt,0.10340249448048944,0.4374976792507022,0.2934015177532252
WS2202,21-06-2024 07:13:40,93,93,7.278139,50.413730,3.2,327.1,N/A,24.79,982.19,NA,CO2,262.283997,438.712006,3.68E-01,N/A,0.974,93_93_21062024_071340.txt,0.2924455862691991,0.22353116977357565,0.03186198637628793
WS2202,21-06-2024 07:24:21,96,96,7.279596,50.416450,3.2,324.4,N/A,24.72,982.30,NA,CO2,276.694000,423.032990,5.19E-01,N/A,0.965,96_96_21062024_072421.txt,0.022801865068704588,0.2565126163746527,0.016352978405687328
WS2202,20-06-2024 19:03:01,64,64,7.262431,50.415914,3.2,323.9,N/A,27.93,984.57,NA,CO2,208.235001,393.872986,8.50E-01,N/A,0.987,64_64_20062024_190301.txt,0.07964614149461344,0.8464923510923859,0.027870094198573208
WS0823,29-08-2024 14:54:15,LS2,2,7.261264,50.405352,4.3,328.7,14.1,41.7,51.2,A,CO2,0.080600,0.479000,9.08E-01,9.08E-01,0.986,LS2_2_29082024_145415.txt,0.7453552449108012,0.1672273584562796,0.16184143302648968
WS2202,21-06-2024 10:03:14,136,136,7.262708,50.406867,3.2,329.8,N/A,23.45,982.21,NA,CO2,237.785004,405.226013,3.32E-01,N/A,0.917,136_136_21062024_100314.txt,0.05374561908336994,0.24309915758995887,0.05470499470956947
WS2202,17-06-2024 11:56:06,LS9,9,7.283605,50.412360,3.2,323.5,N/A,19,1012,NA,CO2,202.563995,390.027008,6.75E-01,N/A,0.926,LS9_9_17062024_115606.txt,0.2915318907020316,0.4214974062122282,0.5805832516397502
WS2202,21-06-2024 07:02:43,90,90,7.276378,50.410906,3.2,324.5,N/A,24.90,982.02,NA,CO2,249.417007,427.385010,4.58E-01,N/A,0.960,90_90_21062024_070243.txt,0.43488446796380553,0.12687579218483372,0.25684550643986603
WS2202,18-06-2024 18:14:32,mufettenbay14,15,7.284187,50.413839,3.2,327.5,N/A,28.23,980.20,NA,CO2,218.686996,422.429993,2.53E-01,N/A,0.978,mufettenbay14_15_18062024_181432.txt,0.24895239311675726,0.016265150897120533,0.24060520719190845
WS2202,18-06-2024 06:02:47,P3,3,7.262275,50.407163,3.2,326.1,N/A,14,983.63,NA,CO2,239.953995,365.869995,1.39E-01,N/A,0.906,P3_3_18062024_060247.txt,0.018561671052472,0.0012782375163830106,0.032525468647151744
WS2202,21-06-2024 09:03:28,119,119,7.270023,50.409835,3.2,327.0,N/A,18,982.04,NA,CO2,280.647003,381.873993,7.02E-01,N/A,0.946,119_119_21062024_090328.txt,0.4611238942798195,0.2583324572648069,0.1284350342547486
WS2202,21-06-2024 07:35:05,99,99,7.277535,50.418224,3.2,330.0,N/A,24.54,982.33,NA,CO2,290.029999,416.177002,2.14E-01,N/A,0.905,99_99_21062024_073505.txt,0.04793974677543972,0.17878811325986643,0.10899325144712108
WS2202,20-06-2024 17:34:10,40,40,7.279902,50.409269,3.2,322.0,N/A,21,985.42,NA,CO2,215.276993,404.634003,4.31E-01,N/A,0.930,40_40_20062024_173410.txt,0.28716889627047854,0.14297748427167872,0.24751005308079366
WS2202,17-06-2024 13:35:21,LS12,12,7.280282,50.408392,3.2,322.7,N/A,19,1013,NA,CO2,242.141998,400.709991,4.94E-01,N/A,0.908,LS12_12_17062024_133521.txt,0.4237922642061657,0.310901783221372,0.3054770600220799
WS2202,18-06-2024 18:44:28,mufettenbay14,16,7.284121,50.413853,3.2,326.4,N/A,23,1012,NA,CO2,265.502991,625.780029,7.63E-01,N/A,0.966,mufettenbay14_16_18062024_184428.txt,0.3782678769307772,0.18080467778241735,0.30301030480091307
WS2202,18-06-2024 06:08:47,P4,4,7.262560,50.408610,3.2,329.6,N/A,14,983.40,NA,CO2,242.425995,453.631989,1.41E-01,N/A,0.913,P4_4_18062024_060847.txt,0.008684656470382118,0.06656380786980139,0.010622078568245522
WS0823,29-08-2024 16:18:52,LS19,19,7.281411,50.408662,3.2,322.4,0.8,43.9,51.2,A,CO2,370.010000,0.292100,8.43E-01,8.43E-01,0.955,LS19_19_29082024_161852.txt,0.7709934170290378,0.8153433315859431,0.7276824075891598
WS2202,20-06-2024 19:35:41,68,71,7.258197,50.412661,3.2,318.3,N/A,26.76,984.44,NA,CO2,240.503006,347.417999,1.39E-01,N/A,0.914,68_71_20062024_193541.txt,0.1185025348958457,0.12506143292600166,0.012085552004674888
WS2202,18-06-2024 06:32:25,P8,9,7.264689,50.414344,3.2,331.5,N/A,20.21,983.44,NA,CO2,262.800995,462.196991,2.36E-01,N/A,0.928,P8_9_18062024_063225.txt,0.21151047157616806,0.10319339500993437,0.06310788612330528
WS2202,21-06-2024 06:29:37,83,83,7.268511,50.405434,3.2,333.0,N/A,24.86,981.98,NA,CO2,304.915985,446.647003,1.36E-01,N/A,0.907,83_83_21062024_062937.txt,0.044253828078954026,0.05977681041438664,0.1309328648231858
WS0823,29-08-2024 18:01:45,LS41,41,7.261388,50.414855,0.5,320.0,0.5,41.5,51.2,A,CO2,357.820000,0.339200,1.12E00,1.12E00,0.892,LS41_41_29082024_180145.txt,0.3337826058929701,0.7460564546389974,0.5242173586569671
WS2202,20-06-2024 19:49:41,68,74,7.257372,50.410322,3.2,322.2,N/A,26.81,984.44,NA,CO2,211.203995,361.752991,1.87E-01,N/A,0.920,68_74_20062024_194941.txt,0.1434367390376103,0.04176702126627785,0.18039057721098428
WS2202,20-06-2024 11:28:08,2,22,7.263301,50.405978,3.2,334.2,N/A,1,987.22,NA,CO2,217.610992,405.670990,3.66E-01,N/A,0.940,2_22_20062024_112808.txt,0.3087369595563997,0.07367937359615861,0.09648239199611106
WS2202,20-06-2024 12:22:58,28,30,7.270327,50.408857,3.2,326.0,N/A,27.27,987.40,NA,CO2,246.587006,487.529999,3.35E-01,N/A,0.964,28_30_20062024_122258.txt,0.12077912276227613,0.10815475249600694,0.14914542543271686
WS1204,28-08-2024 09:18:48,LS4,4,7.277226,50.408409,0.2,319.4,0.0,N/A,51.0,A,CO2,0.450253,0.650350,8.17E-01,8.17E-01,0.996,LS4_4_28082024_091848.txt,0.38809048741860347,0.3718547410711162,0.09491785518759517
WS2202,21-06-2024 08:15:16,108,108,7.271150,50.412499,3.2,323.6,N/A,24.08,982.51,NA,CO2,245.186005,427.342987,4.90E-01,N/A,0.978,108_108_21062024_081516.txt,0.3238176608570462,0.3001046350231515,0.3591996052472058
WS2202,21-06-2024 07:57:23,104,104,7.274159,50.414785,3.2,328.2,N/A,24.15,982.52,NA,CO2,260.197998,436.759003,3.62E-01,N/A,0.950,104_104_21062024_075723.txt,0.16949596686109283,0.30912072672891566,0.18730893548071298
WS0823,29-08-2024 16:30:30,LS19,20,7.283052,50.409211,4.7,326.2,9.2,44.0,51.2,A,CO2,356.920000,0.275000,7.62E-01,7.62E-01,0.989,LS19_20_29082024_163030.txt,0.34543806311282327,0.23701226137671333,0.21266604859123545
WS0823,29-08-2024 16:48:46,LS24,24,7.284876,50.415857,1.0,315.8,0.5,44.3,51.2,A,CO2,353.650000,0.246800,8.75E-01,8.75E-01,0.997,LS24_24_29082024_164846.txt,0.5125419421941984,0.6649320293394965,0.6711697779841426
WS1204,28-08-2024 10:06:54,LS9,9,7.280909,50.408431,1.8,313.2,4.8,N/A,51.0,A,CO2,0.449784,0.682764,2.41E-01,2.41E-01,0.994,LS9_9_28082024_100654.txt,0.19327312585899573,0.04712238703345282,0.16001053536804605
WS0823,29-08-2024 15:28:25,LS9,9,7.264521,50.403613,3.4,316.7,0.8,43.7,51.2,A,CO2,353.250000,0.364000,1.02E00,1.02E00,0.994,LS9_9_29082024_152825.txt,0.9119215342613458,0.9634871679918954,0.8367738425117185
WS2202,18-06-2024 17:46:35,14,14,7.283469,50.414063,3.2,324.7,N/A,23,980.37,NA,CO2,220.354996,400.746002,5.21E-01,N/A,0.960,14_14_18062024_174635.txt,0.03370339613206291,0.0805788730747481,0.46603337576079823
WS0823,29-08-2024 16:04:19,LS16,16,7.278952,50.408581,6.0,327.6,10.0,43.9,51.2,A,CO2,358.490000,0.340300,7.80E00,7.80E00,0.897,LS16_16_29082024_160419.txt,1.6189288293605175,0.14611190060404863,4.630573197751641
WS2202,21-06-2024 09:41:41,130,130,7.266044,50.412652,3.2,321.9,N/A,23.58,982.45,NA,CO2,281.760986,406.376007,3.14E-01,N/A,0.913,130_130_21062024_094141.txt,0.25000938773716336,0.2531938841066558,0.2671913075199304
WS2202,21-06-2024 08:43:17,116,116,7.266329,50.408624,3.2,323.9,N/A,23.79,982.25,NA,CO2,321.976990,367.095001,6.92E-01,N/A,0.955,116_116_21062024_084317.txt,0.47685372308155494,0.4899795474673547,0.4704174480496124
WS2202,21-06-2024 06:55:47,87,88,7.275483,50.409373,3.2,323.4,N/A,24.65,982.00,NA,CO2,253.539993,414.563995,2.33E-01,N/A,0.939,87_88_21062024_065547.txt,0.14269011834813589,0.06354670627254215,0.09174517883261205
WS0823,29-08-2024 18:20:51,LS47,47,7.256161,50.409755,1.4,327.1,4.2,41.0,51.2,A,CO2,355.750000,0.307500,8.65E-01,8.65E-01,0.957,LS47_47_29082024_182051.txt,0.28029163733185625,0.20694535786889975,0.10402312361550933
WS2202,21-06-2024 08:05:59,106,106,7.272697,50.413890,3.2,325.8,N/A,23.85,982.88,NA,CO2,237.162994,430.947998,5.15E-01,N/A,0.978,106_106_21062024_080559.txt,0.00441786333089557,0.37333005148452836,0.24886756350766887
WS2202,21-06-2024 09:20:50,124,124,7.272271,50.412395,3.2,322.1,N/A,23.98,982.17,NA,CO2,280.976013,368.115997,4.07E-01,N/A,0.948,124_124_21062024_092050.txt,0.3955884656217612,0.11620628343170912,0.3702970540860279
WS2202,18-06-2024 06:17:43,P6,6,7.262964,50.411070,3.2,325.1,N/A,19.49,983.36,NA,CO2,316.071991,367.750000,2.43E-01,N/A,0.906,P6_6_18062024_061743.txt,0.13350170843698306,0.01441548427222259,0.1435794619445264
WS0823,29-08-2024 17:41:52,LS35,35,7.265719,50.420426,2.8,317.2,0.7,42.5,51.2,A,CO2,353.750000,0.351000,1.05E00,1.05E00,0.911,LS35_35_29082024_174152.txt,0.8768921691033852,0.7323844711944703,0.2720427715510292
WS2202,18-06-2024 07:25:06,P18,18,7.273842,50.419465,3.2,329.7,N/A,24.91,983.25,NA,CO2,282.484985,379.354004,1.37E-01,N/A,0.906,P18_18_18062024_072506.txt,0.1180249625925908,0.02969030584881756,0.11930841220534741
WS2202,17-06-2024 11:37:40,LS6,6,7.280779,50.410692,3.2,324.6,N/A,18,1010,NA,CO2,300.569000,344.428009,5.52E-01,N/A,0.958,LS6_6_17062024_113740.txt,0.17443625909006102,0.5230777106020351,0.10077911414036325
WS1204,28-08-2024 10:35:51,LS13,13,7.281632,50.408931,2.1,312.4,2.5,N/A,51.0,A,CO2,0.498997,0.651280,6.10E02,6.10E02,0.990,LS13_13_28082024_103551.txt,3.8211120739392337,290.832446368022,441.8473827875836
WS2202,17-06-2024 10:30:28,LS1,1,7.264575,50.404744,3.2,318.4,N/A,17,1012,NA,CO2,119.461998,7004.410156,1.84E-01,N/A,0.579,LS1_1_17062024_103028.txt,0.04476087318599529,0.17297906118382028,0.1825593742822246
WS2202,20-06-2024 18:27:55,54,54,7.274454,50.416904,3.2,322.8,N/A,29.58,984.97,NA,CO2,214.725998,383.342987,3.85E-01,N/A,0.959,54_54_20062024_182755.txt,0.23237864512758688,0.2518911731885974,0.024430756756913204
WS0823,29-08-2024 15:33:17,LS10,10,7.266932,50.404289,2.2,319.6,1.1,44.0,51.2,A,CO2,364.530000,0.286900,8.88E-01,8.88E-01,0.993,LS10_10_29082024_153317.txt,0.48963074793941136,0.6642082581829006,0.4703945471763451
WS2202,19-06-2024 16:21:32,mufettenbay17,17,7.283746,50.413056,3.2,321.6,N/A,18,1018,NA,CO2,219.871002,400.983002,1.01E-01,N/A,0.920,mufettenbay17_17_19062024_162132.txt,0.02839388854752866,0.0855088671434419,0.0006691955042279988
WS2202,20-06-2024 18:45:48,60,60,7.267880,50.419008,3.2,323.8,N/A,29.56,984.91,NA,CO2,216.727997,383.403992,6.08E-01,N/A,0.943,60_60_20062024_184548.txt,0.07829894616413034,0.12364725150022637,0.01198147225136341
WS2202,21-06-2024 09:10:47,121,121,7.273719,50.410927,3.2,324.3,N/A,22.88,981.92,NA,CO2,276.033997,376.398987,7.36E-01,N/A,0.961,121_121_21062024_091047.txt,0.6885878166042566,0.08128794800399973,0.21709396819294646
WS0823,29-08-2024 18:03:50,LS42,42,7.260965,50.414226,1.0,315.3,1.1,41.4,51.2,A,CO2,354.680000,0.305200,1.90E00,1.90E00,0.993,LS42_42_29082024_180350.txt,0.622945711537826,0.15427114133789666,0.981888329329418
WS1204,27-08-2024 08:38:50,LS1,1,7.267362,50.414335,5.7,301.8,7.5,51,51.0,A,CO2,0.437659,0.651518,2.54E-01,2.54E-01,0.983,LS1_1_27082024_083850.txt,0.13937106797117374,0.03974755147155777,0.2479984408121362
WS0823,29-08-2024 15:20:00,LS7,7,7.261886,50.404433,0.8,323.6,0.5,43.7,51.2,A,CO2,354.500000,0.259800,1.03E00,1.03E00,0.991,LS7_7_29082024_152000.txt,0.2465285341333347,0.41916577322267295,0.22147425043586633
WS2202,18-06-2024 06:22:09,P7,7,7.263327,50.412146,3.2,325.4,N/A,19.75,983.40,NA,CO2,263.148987,451.795990,1.96E-01,N/A,0.909,P7_7_18062024_062209.txt,0.03188128929287032,0.13529473561841904,0.11657431890082258
WS2202,21-06-2024 06:49:51,87,87,7.275415,50.408112,3.2,326.4,N/A,16,1014,NA,CO2,313.860992,515.947021,2.40E-01,N/A,0.932,87_87_21062024_064951.txt,0.14317602093891318,0.14684570520652518,0.2194681659013129
WS2202,18-06-2024 07:29:53,P19,19,7.275667,50.419326,3.2,327.2,N/A,25.23,983.24,NA,CO2,285.533997,365.769989,1.19E-01,N/A,0.937,P19_19_18062024_072953.txt,0.01286524864134266,0.08112056701105348,0.026119797469397226
WS0823,29-08-2024 16:33:43,LS22,22,7.284552,50.410984,1.4,315.9,0.3,44.0,51.2,A,CO2,350.520000,0.308000,5.68E-01,5.68E-01,0.989,LS22_22_29082024_163343.txt,0.4004989944269008,0.3032266559996998,0.49827356938301925
WS1204,27-08-2024 09:15:13,LS3,3,7.272806,50.412055,2.3,319.3,2.9,N/A,51.0,A,CO2,0.481268,0.742003,2.57E-01,2.57E-01,0.996,LS3_3_27082024_091513.txt,0.23338573359185852,0.0152454083403826,0.2378718973244471
WS2202,20-06-2024 17:30:50,39,39,7.278762,50.409126,3.2,321.7,N/A,21,1016,NA,CO2,205.003998,324.864014,3.29E-01,N/A,0.913,39_39_20062024_173050.txt,0.29468139551249695,0.0694487674201694,0.10770693135787675
WS2202,20-06-2024 18:58:48,63,63,7.263341,50.417532,3.2,322.7,N/A,28.41,984.69,NA,CO2,227.649994,446.334015,5.52E-01,N/A,0.945,63_63_20062024_185848.txt,0.027811285716389612,0.14691417166966306,0.45828645156753645
WS0823,29-08-2024 15:38:30,LS11,11,7.270488,50.405452,1.9,318.7,2.2,44.2,51.2,A,CO2,353.950000,0.301400,9.11E-01,9.11E-01,0.986,LS11_11_29082024_153830.txt,0.48015879213609697,0.3069628577659747,0.6734011459084757
WS2202,21-06-2024 06:41:04,85,85,7.273351,50.406828,3.2,325.1,N/A,25.03,982.17,NA,CO2,274.071991,446.319000,1.90E-01,N/A,0.952,85_85_21062024_064104.txt,0.08800400206221343,0.1610729714048251,0.07277941849372425
WS2202,18-06-2024 08:46:17,P28,28,7.262338,50.407584,3.2,320.5,N/A,23.70,983.37,NA,CO2,277.527008,377.492004,4.46E-01,N/A,0.724,P28_28_18062024_084617.txt,0.4400738379053844,0.32591824368545114,0.27349486196145534
WS2202,20-06-2024 19:06:07,65,65,7.262250,50.415475,3.2,324.4,N/A,27.87,984.51,NA,CO2,239.561005,332.250000,2.25E-01,N/A,0.902,65_65_20062024_190607.txt,0.10047284084349402,0.15729835983436186,0.057794773923799045
WS1204,28-08-2024 09:35:37,LS6,6,7.277240,50.408053,0.7,319.4,1.1,N/A,51.0,A,CO2,0.419000,0.529081,7.51E02,7.51E02,0.991,LS6_6_28082024_093537.txt,274.3253851029936,111.92451992187792,498.22623096509244
WS2202,21-06-2024 07:06:24,91,91,7.276975,50.411903,3.2,330.5,N/A,24.81,982.13,NA,CO2,261.540009,444.641998,4.40E-01,N/A,0.981,91_91_21062024_070624.txt,0.2098167265568918,0.12955034633180393,0.024817863965684413
WS0823,29-08-2024 15:47:36,LS13,13,7.273961,50.406484,2.8,322.7,2.5,44.2,51.2,A,CO2,353.700000,0.324500,1.01E00,1.01E00,0.993,LS13_13_29082024_154736.txt,0.9306836458129418,0.5837978504624537,0.27129629753041146
WS2202,21-06-2024 07:27:21,97,97,7.280125,50.417232,3.2,331.3,N/A,24.79,982.34,NA,CO2,284.368988,416.550995,3.01E-01,N/A,0.907,97_97_21062024_072721.txt,0.018849821357725463,0.053079323903797555,0.08302550583597999
WS2202,21-06-2024 08:10:10,107,107,7.272021,50.413137,3.2,326.4,N/A,23.97,982.79,NA,CO2,247.602005,433.312988,3.01E-01,N/A,0.944,107_107_21062024_081010.txt,0.02705402068258524,0.18014586006748096,0.1938754991624319
WS0823,29-08-2024 15:59:19,LS15,15,7.277212,50.408042,0.9,318.6,0.1,43.9,51.2,A,CO2,353.230000,0.435500,7.90E-01,7.90E-01,0.983,LS15_15_29082024_155919.txt,0.5458549144153146,0.46212486288162247,0.22002978645278054
WS2202,20-06-2024 18:22:35,52,52,7.276206,50.415988,3.2,323.0,N/A,29.66,984.93,NA,CO2,206.557999,388.334015,4.45E-01,N/A,0.927,52_52_20062024_182235.txt,0.33026211345023954,0.0555295727730992,0.13381586109326396
WS1204,28-08-2024 09:45:31,LS7,7,7.278412,50.408441,6.8,328.3,19.5,N/A,51.0,A,CO2,0.458180,0.721482,3.47E-01,3.47E-01,0.997,LS7_7_28082024_094531.txt,0.20397900263907923,0.19913516070735846,0.25090564838794555
WS2202,21-06-2024 09:48:52,132,132,7.265297,50.410778,3.2,322.8,N/A,23.58,982.29,NA,CO2,232.589996,429.992004,6.42E-01,N/A,0.976,132_132_21062024_094852.txt,0.6260375147076563,0.31914275507711104,0.5279196927086831
WS1204,28-08-2024 10:29:37,LS12,12,7.281251,50.408474,0.0,313.4,0.0,N/A,51.0,A,CO2,0.481268,0.615368,4.39E-01,4.39E-01,0.989,LS12_12_28082024_102937.txt,0.2461022583190528,0.28509908502909137,0.006691132761868906
WS2202,20-06-2024 18:07:11,48,48,7.280719,50.413737,3.2,320.6,N/A,31.28,984.82,NA,CO2,244.018005,396.561005,4.47E-01,N/A,0.966,48_48_20062024_180711.txt,0.2427203914419903,0.288068355387114,0.3171401565641518
WS2202,20-06-2024 18:25:08,53,53,7.275376,50.416407,3.2,321.8,N/A,29.62,984.99,NA,CO2,207.257996,388.839996,6.25E-01,N/A,0.971,53_53_20062024_182508.txt,0.16795387603201645,0.5817452327071232,0.5997730571957551
WS2202,21-06-2024 06:46:03,86,86,7.274853,50.407498,3.2,322.3,N/A,25.33,982.14,NA,CO2,305.682007,396.834015,2.81E-01,N/A,0.950,86_86_21062024_064603.txt,0.004308541871215763,0.24589138239428832,0.17079614723386938
WS2202,20-06-2024 18:09:44,49,49,7.279560,50.414134,3.2,317.7,N/A,31.37,984.88,NA,CO2,258.338013,373.308014,7.81E-01,N/A,0.987,49_49_20062024_180944.txt,0.5115798103174471,0.527461670516548,0.6449493358944725
WS2202,21-06-2024 07:10:15,92,92,7.277545,50.412880,3.2,328.5,N/A,24.78,982.19,NA,CO2,247.272003,454.459015,6.00E-01,N/A,0.982,92_92_21062024_071015.txt,0.4952627618411506,0.424195027690958,0.285788206123112
WS2202,20-06-2024 11:53:24,24,25,7.264732,50.407545,3.2,330.6,N/A,26.43,986.83,NA,CO2,238.809006,371.790009,8.16E-01,N/A,0.940,24_25_20062024_115324.txt,0.32839008554566296,0.20673368119792618,0.7273379056686484
WS2202,20-06-2024 17:47:09,43,43,7.283491,50.410367,3.2,325.0,N/A,31.42,985.04,NA,CO2,212.240997,393.789001,4.12E-01,N/A,0.911,43_43_20062024_174709.txt,0.10795246695988074,0.17360317512932372,0.05729035838822992
WS2202,20-06-2024 12:44:51,34,34,7.276361,50.408177,3.2,322.6,N/A,27.47,987.41,NA,CO2,238.289001,342.772003,1.48E-01,N/A,0.923,34_34_20062024_124451.txt,0.04496094321506754,0.10047082603189594,0.10609237259394154
WS2202,20-06-2024 12:08:08,28,28,7.267283,50.408128,3.2,329.2,N/A,26.44,987.19,NA,CO2,212.041000,402.109009,5.08E-01,N/A,0.963,28_28_20062024_120808.txt,0.15220675343689696,0.480157746819323,0.030178967105658216
WS2202,21-06-2024 08:29:27,112,112,7.268814,50.410430,3.2,330.8,N/A,24.21,982.72,NA,CO2,235.578003,439.145996,3.27E-01,N/A,0.937,112_112_21062024_082927.txt,0.09339118168272063,0.27510147852873135,0.15639560246767617
WS2202,20-06-2024 11:19:45,gps24,21,7.261830,50.405263,3.2,317.6,N/A,17,1020,NA,CO2,211.401001,400.187012,2.47E-01,N/A,0.932,gps24_21_20062024_111945.txt,0.16272108147371248,0.24075623744623262,0.0248526495659033
WS2202,21-06-2024 06:22:58,82,82,7.265504,50.404359,3.2,329.2,N/A,24.98,982.13,NA,CO2,308.028992,411.118011,1.22E-01,N/A,0.908,82_82_21062024_062258.txt,0.00287491198983011,0.04294891401925844,0.017802917794095006
WS2202,21-06-2024 06:10:56,80,80,7.262395,50.404642,3.2,325.3,N/A,25.21,981.90,NA,CO2,312.131989,412.976013,1.04E-01,N/A,0.900,80_80_21062024_061056.txt,0.020803850652929747,0.02118794779719684,0.013050226288060532
WS0823,29-08-2024 17:00:10,LS26,26,7.282157,50.419208,1.4,314.0,0.6,44.2,51.2,A,CO2,355.030000,0.257000,8.91E-01,8.91E-01,0.984,LS26_26_29082024_170010.txt,0.6314787848749928,0.5749365260309234,0.6111092039697765
WS2202,20-06-2024 12:31:19,28,31,7.273227,50.408985,3.2,323.1,N/A,27.21,987.31,NA,CO2,241.783005,373.692993,3.67E-01,N/A,0.942,28_31_20062024_123119.txt,0.14495988047860117,0.0907912192295337,0.24454091851517248
WS2202,18-06-2024 08:12:57,P27,27,7.283897,50.413891,3.2,330.0,N/A,29.03,983.43,NA,CO2,246.468002,435.156006,3.35E-01,N/A,0.926,P27_27_18062024_081257.txt,0.14210751218021853,0.21448837628636533,0.2601277279554561
WS0823,29-08-2024 17:03:14,LS27,27,7.281104,50.419600,3.9,317.8,1.5,44.0,51.2,A,CO2,356.160000,0.309800,1.20E00,1.20E00,0.979,LS27_27_29082024_170314.txt,0.5731511733663768,0.1839074059821542,0.27154960273924345
WS2202,21-06-2024 09:38:10,129,129,7.265441,50.413520,3.2,325.0,N/A,23.55,982.28,NA,CO2,285.600006,392.763000,3.39E-01,N/A,0.926,129_129_21062024_093810.txt,0.2593943938852816,0.11159156704472,0.07877335626851095
WS0823,29-08-2024 17:56:15,LS39,39,7.262513,50.415784,1.8,325.2,0.3,41.9,51.2,A,CO2,355.310000,0.416900,5.81E00,5.81E00,0.993,LS39_39_29082024_175615.txt,4.205232457694723,1.2841410890393556,5.341345546936942
WS2202,20-06-2024 18:02:11,46,46,7.282681,50.412888,3.2,322.3,N/A,31.28,984.94,NA,CO2,244.104996,323.339996,3.49E-01,N/A,0.909,46_46_20062024_180211.txt,0.23835889917401087,0.2860868751760126,0.1909771067313117
WS0823,29-08-2024 14:58:28,LS3,3,7.261182,50.405440,1.4,325.2,0.7,42.1,51.2,A,CO2,0.034200,0.376200,7.32E-01,7.32E-01,0.979,LS3_3_29082024_145828.txt,0.10170685087908028,0.3872092815937689,0.11821906068451897
WS0823,29-08-2024 18:06:25,LS43,43,7.260724,50.413550,1.9,317.6,0.4,41.3,51.2,A,CO2,357.320000,0.399600,9.07E-01,9.07E-01,0.916,LS43_43_29082024_180625.txt,0.5138227263220009,0.3870695282881913,0.6915102229286104
WS2202,20-06-2024 12:35:48,32,32,7.274074,50.408629,3.2,323.9,N/A,27.17,987.14,NA,CO2,258.317993,337.850006,1.82E-01,N/A,0.900,32_32_20062024_123548.txt,0.1769003447571096,0.10809011988689803,0.022895618882819244
WS2202,20-06-2024 19:17:23,68,68,7.260912,50.413376,3.2,321.5,N/A,27.41,984.47,NA,CO2,245.281998,374.177002,1.86E-01,N/A,0.924,68_68_20062024_191723.txt,0.008215757331183576,0.13714917021688067,0.037381373637328685
WS2202,21-06-2024 07:42:33,101,101,7.276381,50.417033,3.2,327.8,N/A,24.24,982.45,NA,CO2,289.378998,433.579010,3.37E-01,N/A,0.869,101_101_21062024_074233.txt,0.20179167595116576,0.13694736036989508,0.11963762952531938
WS2202,20-06-2024 11:48:36,24,24,7.265999,50.407585,3.2,329.7,N/A,18,1020,NA,CO2,215.018997,402.877014,2.70E-01,N/A,0.915,24_24_20062024_114836.txt,0.1398975509557917,0.18290884152143386,0.1340627318613631
WS2202,20-06-2024 18:12:28,50,50,7.278433,50.414632,3.2,322.3,N/A,31.27,984.95,NA,CO2,187.837997,452.951996,3.88E-01,N/A,0.973,50_50_20062024_181228.txt,0.3310465482047047,0.38156554633147693,0.11536241820882767
WS2202,17-06-2024 11:41:46,LS7,7,7.281642,50.411379,3.2,320.8,N/A,18,1010,NA,CO2,205.699997,410.984985,2.83E-01,N/A,0.894,LS7_7_17062024_114146.txt,0.16962613692122455,0.2652298332884756,0.1318222807000086
WS2202,20-06-2024 13:17:47,bigmofettibay1,36,7.277431,50.408184,3.2,323.8,N/A,28.13,987.37,NA,CO2,209.531006,431.519012,1.81E00,N/A,0.971,bigmofettibay1_36_20062024_131747.txt,0.366100852537175,1.6962967073111817,0.2314856792336384
WS2202,21-06-2024 10:06:44,137,137,7.261555,50.406599,3.2,324.8,N/A,23.61,982.16,NA,CO2,234.576996,425.837006,2.15E-01,N/A,0.914,137_137_21062024_100644.txt,0.18940277479019607,0.04357146665981501,0.20788536528939575
WS1204,28-08-2024 09:55:21,LS8,8,7.279549,50.408306,1.6,312.7,0.4,N/A,51.0,A,CO2,0.447686,0.640086,4.00E-01,4.00E-01,0.964,LS8_8_28082024_095521.txt,0.36001753251843266,0.1217682197656636,0.02220688883509907
WS2202,18-06-2024 08:08:55,P26,26,7.283894,50.413892,3.2,329.4,N/A,29.05,983.42,NA,CO2,312.664001,396.697998,2.57E-01,N/A,0.920,P26_26_18062024_080855.txt,0.12503999841587304,0.09413720476897915,0.05257058339615076
WS0823,29-08-2024 15:11:10,LS6,6,7.261925,50.404865,2.2,322.2,1.7,43.0,51.2,A,CO2,356.540000,0.305400,3.35E-01,3.35E-01,0.971,LS6_6_29082024_151110.txt,0.21484877717847403,0.011386352536061194,0.043327479479953426
WS2202,20-06-2024 17:52:39,44,44,7.283786,50.411536,3.2,322.5,N/A,31.22,984.98,NA,CO2,218.013000,421.602997,3.55E-01,N/A,0.907,44_44_20062024_175239.txt,0.32774931687401604,0.3232783658821443,0.11936109614347185
WS2202,20-06-2024 18:30:48,55,55,7.273454,50.417370,3.2,324.4,N/A,29.44,984.92,NA,CO2,194.798996,394.457001,3.39E-01,N/A,0.935,55_55_20062024_183048.txt,0.24800510972138598,0.19452561405343272,0.1991240693649257
WS0823,29-08-2024 17:59:11,LS40,40,7.261823,50.414898,2.5,324.4,1.3,41.7,51.2,A,CO2,356.390000,0.395700,1.49E00,1.49E00,0.818,LS40_40_29082024_175911.txt,0.13744521332039772,0.9581540309043951,0.7377490996867042
WS2202,21-06-2024 07:21:24,95,95,7.279268,50.415691,3.2,329.0,N/A,24.67,982.29,NA,CO2,282.028992,446.083008,3.28E-01,N/A,0.930,95_95_21062024_072124.txt,0.2708324448460125,0.12671998530651588,0.23544635222078764
WS0823,29-08-2024 15:24:30,LS8,8,7.262837,50.403689,1.8,318.6,1.2,43.7,51.2,A,CO2,354.170000,0.285500,8.92E-01,8.92E-01,0.962,LS8_8_29082024_152430.txt,0.6453831393286785,0.7661647971058345,0.8624506301283367
WS0823,29-08-2024 16:31:57,LS20,21,7.284476,50.410988,1.0,322.6,1.6,44.3,51.2,A,CO2,355.640000,0.291600,5.36E-01,5.36E-01,0.988,LS20_21_29082024_163157.txt,0.4301340567714118,0.13955149576368533,0.11711852535751295
WS2202,21-06-2024 08:46:55,117,117,7.265543,50.408337,3.2,321.9,N/A,23.78,982.20,NA,CO2,250.391998,426.518005,2.63E-01,N/A,0.901,117_117_21062024_084655.txt,0.18249762168551292,0.10079644176167336,0.06084008044192921
WS2202,20-06-2024 19:09:18,66,66,7.261942,50.414898,3.2,318.8,N/A,27.81,984.53,NA,CO2,211.975006,373.558014,1.74E-01,N/A,0.918,66_66_20062024_190918.txt,0.08770140127001137,0.10077991242404906,0.13741484112038993
WS2202,20-06-2024 19:41:14,68,72,7.257566,50.412100,3.2,320.3,N/A,26.90,984.49,NA,CO2,253.098999,435.670990,1.36E-01,N/A,0.903,68_72_20062024_194114.txt,0.050308713601361355,0.045845228852252326,0.05997708476891467
WS0823,29-08-2024 18:29:48,LS48,48,7.258931,50.405708,1.8,320.6,0.9,40.6,51.2,A,CO2,0.000000,2.338400,2.40E00,2.40E00,0.975,LS48_48_29082024_182948.txt,0.6999521268872827,0.19542099916796882,2.3463548242075762
WS2202,17-06-2024 11:00:24,LS3,3,7.269747,50.408634,3.2,327.5,N/A,17,1012,NA,CO2,243.414001,332.925995,4.95E-01,N/A,0.913,LS3_3_17062024_110024.txt,0.185877306334508,0.3381699766385269,0.11002060059692319
WS2202,21-06-2024 08:25:49,111,111,7.269195,50.411016,3.2,322.0,N/A,24.38,982.63,NA,CO2,264.511993,407.358002,5.11E-01,N/A,0.930,111_111_21062024_082549.txt,0.05691139861146995,0.3256787549156378,0.46137832306956594
WS2202,21-06-2024 07:50:02,102,102,7.275627,50.415487,3.2,329.0,N/A,23.79,982.37,NA,CO2,280.783997,501.394989,3.18E-01,N/A,0.931,102_102_21062024_075002.txt,0.17920368608611115,0.28156355101974057,0.18739433074353362
WS2202,18-06-2024 07:20:13,P17,17,7.272237,50.419341,3.2,325.9,N/A,23.88,983.29,NA,CO2,267.079010,350.328003,1.12E-01,N/A,0.912,P17_17_18062024_072013.txt,0.07660025311954848,0.04391799704466501,0.06175470437383059
WS2202,18-06-2024 08:00:00,P24,24,7.283401,50.415503,3.2,322.5,N/A,29.48,983.23,NA,CO2,257.212006,427.703003,1.92E-01,N/A,0.902,P24_24_18062024_080000.txt,0.09842707181214629,0.16555838291587077,0.16840248733342725
WS2202,20-06-2024 14:35:55,37,37,7.275627,50.408583,3.2,327.7,N/A,28.14,986.86,NA,CO2,240.768005,463.876007,2.85E-01,N/A,0.929,37_37_20062024_143555.txt,0.1691369936182238,0.275253981362433,0.1941210074950922
